1,1,-3923.48166666667
2,1,3916.815
513,1,0.5
1025,1,6.66666666666667
1,2,3916.815
2,2,-7840.29666666667
3,2,3916.815
514,2,0.5
1026,2,6.66666666666667
2,3,3916.815
3,3,-7840.29666666667
4,3,3916.815
515,3,0.5
1027,3,6.66666666666667
3,4,3916.815
4,4,-7840.29666666667
5,4,3916.815
516,4,0.5
1028,4,6.66666666666667
4,5,3916.815
5,5,-7840.29666666667
6,5,3916.815
517,5,0.5
1029,5,6.66666666666667
5,6,3916.815
6,6,-7840.29666666667
7,6,3916.815
518,6,0.5
1030,6,6.66666666666667
6,7,3916.815
7,7,-7840.29666666667
8,7,3916.815
519,7,0.5
1031,7,6.66666666666667
7,8,3916.815
8,8,-7840.29666666667
9,8,3916.815
520,8,0.5
1032,8,6.66666666666667
8,9,3916.815
9,9,-7840.29666666667
10,9,3916.815
521,9,0.5
1033,9,6.66666666666667
9,10,3916.815
10,10,-7840.29666666667
11,10,3916.815
522,10,0.5
1034,10,6.66666666666667
10,11,3916.815
11,11,-7840.29666666667
12,11,3916.815
523,11,0.5
1035,11,6.66666666666667
11,12,3916.815
12,12,-7840.29666666667
13,12,3916.815
524,12,0.5
1036,12,6.66666666666667
12,13,3916.815
13,13,-7840.29666666667
14,13,3916.815
525,13,0.5
1037,13,6.66666666666667
13,14,3916.815
14,14,-7840.29666666667
15,14,3916.815
526,14,0.5
1038,14,6.66666666666667
14,15,3916.815
15,15,-7840.29666666667
16,15,3916.815
527,15,0.5
1039,15,6.66666666666667
15,16,3916.815
16,16,-7840.29666666667
17,16,3916.815
528,16,0.5
1040,16,6.66666666666667
16,17,3916.815
17,17,-7840.29666666667
18,17,3916.815
529,17,0.5
1041,17,6.66666666666667
17,18,3916.815
18,18,-7840.29666666667
19,18,3916.815
530,18,0.5
1042,18,6.66666666666667
18,19,3916.815
19,19,-7840.29666666667
20,19,3916.815
531,19,0.5
1043,19,6.66666666666667
19,20,3916.815
20,20,-7840.29666666667
21,20,3916.815
532,20,0.5
1044,20,6.66666666666667
20,21,3916.815
21,21,-7840.29666666667
22,21,3916.815
533,21,0.5
1045,21,6.66666666666667
21,22,3916.815
22,22,-7840.29666666667
23,22,3916.815
534,22,0.5
1046,22,6.66666666666667
22,23,3916.815
23,23,-7840.29666666667
24,23,3916.815
535,23,0.5
1047,23,6.66666666666667
23,24,3916.815
24,24,-7840.29666666667
25,24,3916.815
536,24,0.5
1048,24,6.66666666666667
24,25,3916.815
25,25,-7840.29666666667
26,25,3916.815
537,25,0.5
1049,25,6.66666666666667
25,26,3916.815
26,26,-7840.29666666667
27,26,3916.815
538,26,0.5
1050,26,6.66666666666667
26,27,3916.815
27,27,-7840.29666666667
28,27,3916.815
539,27,0.5
1051,27,6.66666666666667
27,28,3916.815
28,28,-7840.29666666667
29,28,3916.815
540,28,0.5
1052,28,6.66666666666667
28,29,3916.815
29,29,-7840.29666666667
30,29,3916.815
541,29,0.5
1053,29,6.66666666666667
29,30,3916.815
30,30,-7840.29666666667
31,30,3916.815
542,30,0.5
1054,30,6.66666666666667
30,31,3916.815
31,31,-7840.29666666667
32,31,3916.815
543,31,0.5
1055,31,6.66666666666667
31,32,3916.815
32,32,-7840.29666666667
33,32,3916.815
544,32,0.5
1056,32,6.66666666666667
32,33,3916.815
33,33,-7840.29666666667
34,33,3916.815
545,33,0.5
1057,33,6.66666666666667
33,34,3916.815
34,34,-7840.29666666667
35,34,3916.815
546,34,0.5
1058,34,6.66666666666667
34,35,3916.815
35,35,-7840.29666666667
36,35,3916.815
547,35,0.5
1059,35,6.66666666666667
35,36,3916.815
36,36,-7840.29666666667
37,36,3916.815
548,36,0.5
1060,36,6.66666666666667
36,37,3916.815
37,37,-7840.29666666667
38,37,3916.815
549,37,0.5
1061,37,6.66666666666667
37,38,3916.815
38,38,-7840.29666666667
39,38,3916.815
550,38,0.5
1062,38,6.66666666666667
38,39,3916.815
39,39,-7840.29666666667
40,39,3916.815
551,39,0.5
1063,39,6.66666666666667
39,40,3916.815
40,40,-7840.29666666667
41,40,3916.815
552,40,0.5
1064,40,6.66666666666667
40,41,3916.815
41,41,-7840.29666666667
42,41,3916.815
553,41,0.5
1065,41,6.66666666666667
41,42,3916.815
42,42,-7840.29666666667
43,42,3916.815
554,42,0.5
1066,42,6.66666666666667
42,43,3916.815
43,43,-7840.29666666667
44,43,3916.815
555,43,0.5
1067,43,6.66666666666667
43,44,3916.815
44,44,-7840.29666666667
45,44,3916.815
556,44,0.5
1068,44,6.66666666666667
44,45,3916.815
45,45,-7840.29666666667
46,45,3916.815
557,45,0.5
1069,45,6.66666666666667
45,46,3916.815
46,46,-7840.29666666667
47,46,3916.815
558,46,0.5
1070,46,6.66666666666667
46,47,3916.815
47,47,-7840.29666666667
48,47,3916.815
559,47,0.5
1071,47,6.66666666666667
47,48,3916.815
48,48,-7840.29666666667
49,48,3916.815
560,48,0.5
1072,48,6.66666666666667
48,49,3916.815
49,49,-7840.29666666667
50,49,3916.815
561,49,0.5
1073,49,6.66666666666667
49,50,3916.815
50,50,-7840.29666666667
51,50,3916.815
562,50,0.5
1074,50,6.66666666666667
50,51,3916.815
51,51,-7840.29666666667
52,51,3916.815
563,51,0.5
1075,51,6.66666666666667
51,52,3916.815
52,52,-7840.29666666667
53,52,3916.815
564,52,0.5
1076,52,6.66666666666667
52,53,3916.815
53,53,-7840.29666666667
54,53,3916.815
565,53,0.5
1077,53,6.66666666666667
53,54,3916.815
54,54,-7840.29666666667
55,54,3916.815
566,54,0.5
1078,54,6.66666666666667
54,55,3916.815
55,55,-7840.29666666667
56,55,3916.815
567,55,0.5
1079,55,6.66666666666667
55,56,3916.815
56,56,-7840.29666666667
57,56,3916.815
568,56,0.5
1080,56,6.66666666666667
56,57,3916.815
57,57,-7840.29666666667
58,57,3916.815
569,57,0.5
1081,57,6.66666666666667
57,58,3916.815
58,58,-7840.29666666667
59,58,3916.815
570,58,0.5
1082,58,6.66666666666667
58,59,3916.815
59,59,-7840.29666666667
60,59,3916.815
571,59,0.5
1083,59,6.66666666666667
59,60,3916.815
60,60,-7840.29666666667
61,60,3916.815
572,60,0.5
1084,60,6.66666666666667
60,61,3916.815
61,61,-7840.29666666667
62,61,3916.815
573,61,0.5
1085,61,6.66666666666667
61,62,3916.815
62,62,-7840.29666666667
63,62,3916.815
574,62,0.5
1086,62,6.66666666666667
62,63,3916.815
63,63,-7840.29666666667
64,63,3916.815
575,63,0.5
1087,63,6.66666666666667
63,64,3916.815
64,64,-7840.29666666667
65,64,3916.815
576,64,0.5
1088,64,6.66666666666667
64,65,3916.815
65,65,-7840.29666666667
66,65,3916.815
577,65,0.5
1089,65,6.66666666666667
65,66,3916.815
66,66,-7840.29666666667
67,66,3916.815
578,66,0.5
1090,66,6.66666666666667
66,67,3916.815
67,67,-7840.29666666667
68,67,3916.815
579,67,0.5
1091,67,6.66666666666667
67,68,3916.815
68,68,-7840.29666666667
69,68,3916.815
580,68,0.5
1092,68,6.66666666666667
68,69,3916.815
69,69,-7840.29666666667
70,69,3916.815
581,69,0.5
1093,69,6.66666666666667
69,70,3916.815
70,70,-7840.29666666667
71,70,3916.815
582,70,0.5
1094,70,6.66666666666667
70,71,3916.815
71,71,-7840.29666666667
72,71,3916.815
583,71,0.5
1095,71,6.66666666666667
71,72,3916.815
72,72,-7840.29666666667
73,72,3916.815
584,72,0.5
1096,72,6.66666666666667
72,73,3916.815
73,73,-7840.29666666667
74,73,3916.815
585,73,0.5
1097,73,6.66666666666667
73,74,3916.815
74,74,-7840.29666666667
75,74,3916.815
586,74,0.5
1098,74,6.66666666666667
74,75,3916.815
75,75,-7840.29666666667
76,75,3916.815
587,75,0.5
1099,75,6.66666666666667
75,76,3916.815
76,76,-7840.29666666667
77,76,3916.815
588,76,0.5
1100,76,6.66666666666667
76,77,3916.815
77,77,-7840.29666666667
78,77,3916.815
589,77,0.5
1101,77,6.66666666666667
77,78,3916.815
78,78,-7840.29666666667
79,78,3916.815
590,78,0.5
1102,78,6.66666666666667
78,79,3916.815
79,79,-7840.29666666667
80,79,3916.815
591,79,0.5
1103,79,6.66666666666667
79,80,3916.815
80,80,-7840.29666666667
81,80,3916.815
592,80,0.5
1104,80,6.66666666666667
80,81,3916.815
81,81,-7840.29666666667
82,81,3916.815
593,81,0.5
1105,81,6.66666666666667
81,82,3916.815
82,82,-7840.29666666667
83,82,3916.815
594,82,0.5
1106,82,6.66666666666667
82,83,3916.815
83,83,-7840.29666666667
84,83,3916.815
595,83,0.5
1107,83,6.66666666666667
83,84,3916.815
84,84,-7840.29666666667
85,84,3916.815
596,84,0.5
1108,84,6.66666666666667
84,85,3916.815
85,85,-7840.29666666667
86,85,3916.815
597,85,0.5
1109,85,6.66666666666667
85,86,3916.815
86,86,-7840.29666666667
87,86,3916.815
598,86,0.5
1110,86,6.66666666666667
86,87,3916.815
87,87,-7840.29666666667
88,87,3916.815
599,87,0.5
1111,87,6.66666666666667
87,88,3916.815
88,88,-7840.29666666667
89,88,3916.815
600,88,0.5
1112,88,6.66666666666667
88,89,3916.815
89,89,-7840.29666666667
90,89,3916.815
601,89,0.5
1113,89,6.66666666666667
89,90,3916.815
90,90,-7840.29666666667
91,90,3916.815
602,90,0.5
1114,90,6.66666666666667
90,91,3916.815
91,91,-7840.29666666667
92,91,3916.815
603,91,0.5
1115,91,6.66666666666667
91,92,3916.815
92,92,-7840.29666666667
93,92,3916.815
604,92,0.5
1116,92,6.66666666666667
92,93,3916.815
93,93,-7840.29666666667
94,93,3916.815
605,93,0.5
1117,93,6.66666666666667
93,94,3916.815
94,94,-7840.29666666667
95,94,3916.815
606,94,0.5
1118,94,6.66666666666667
94,95,3916.815
95,95,-7840.29666666667
96,95,3916.815
607,95,0.5
1119,95,6.66666666666667
95,96,3916.815
96,96,-7840.29666666667
97,96,3916.815
608,96,0.5
1120,96,6.66666666666667
96,97,3916.815
97,97,-7840.29666666667
98,97,3916.815
609,97,0.5
1121,97,6.66666666666667
97,98,3916.815
98,98,-7840.29666666667
99,98,3916.815
610,98,0.5
1122,98,6.66666666666667
98,99,3916.815
99,99,-7840.29666666667
100,99,3916.815
611,99,0.5
1123,99,6.66666666666667
99,100,3916.815
100,100,-7840.29666666667
101,100,3916.815
612,100,0.5
1124,100,6.66666666666667
100,101,3916.815
101,101,-7840.29666666667
102,101,3916.815
613,101,0.5
1125,101,6.66666666666667
101,102,3916.815
102,102,-7840.29666666667
103,102,3916.815
614,102,0.5
1126,102,6.66666666666667
102,103,3916.815
103,103,-7840.29666666667
104,103,3916.815
615,103,0.5
1127,103,6.66666666666667
103,104,3916.815
104,104,-7840.29666666667
105,104,3916.815
616,104,0.5
1128,104,6.66666666666667
104,105,3916.815
105,105,-7840.29666666667
106,105,3916.815
617,105,0.5
1129,105,6.66666666666667
105,106,3916.815
106,106,-7840.29666666667
107,106,3916.815
618,106,0.5
1130,106,6.66666666666667
106,107,3916.815
107,107,-7840.29666666667
108,107,3916.815
619,107,0.5
1131,107,6.66666666666667
107,108,3916.815
108,108,-7840.29666666667
109,108,3916.815
620,108,0.5
1132,108,6.66666666666667
108,109,3916.815
109,109,-7840.29666666667
110,109,3916.815
621,109,0.5
1133,109,6.66666666666667
109,110,3916.815
110,110,-7840.29666666667
111,110,3916.815
622,110,0.5
1134,110,6.66666666666667
110,111,3916.815
111,111,-7840.29666666667
112,111,3916.815
623,111,0.5
1135,111,6.66666666666667
111,112,3916.815
112,112,-7840.29666666667
113,112,3916.815
624,112,0.5
1136,112,6.66666666666667
112,113,3916.815
113,113,-7840.29666666667
114,113,3916.815
625,113,0.5
1137,113,6.66666666666667
113,114,3916.815
114,114,-7840.29666666667
115,114,3916.815
626,114,0.5
1138,114,6.66666666666667
114,115,3916.815
115,115,-7840.29666666667
116,115,3916.815
627,115,0.5
1139,115,6.66666666666667
115,116,3916.815
116,116,-7840.29666666667
117,116,3916.815
628,116,0.5
1140,116,6.66666666666667
116,117,3916.815
117,117,-7840.29666666667
118,117,3916.815
629,117,0.5
1141,117,6.66666666666667
117,118,3916.815
118,118,-7840.29666666667
119,118,3916.815
630,118,0.5
1142,118,6.66666666666667
118,119,3916.815
119,119,-7840.29666666667
120,119,3916.815
631,119,0.5
1143,119,6.66666666666667
119,120,3916.815
120,120,-7840.29666666667
121,120,3916.815
632,120,0.5
1144,120,6.66666666666667
120,121,3916.815
121,121,-7840.29666666667
122,121,3916.815
633,121,0.5
1145,121,6.66666666666667
121,122,3916.815
122,122,-7840.29666666667
123,122,3916.815
634,122,0.5
1146,122,6.66666666666667
122,123,3916.815
123,123,-7840.29666666667
124,123,3916.815
635,123,0.5
1147,123,6.66666666666667
123,124,3916.815
124,124,-7840.29666666667
125,124,3916.815
636,124,0.5
1148,124,6.66666666666667
124,125,3916.815
125,125,-7840.29666666667
126,125,3916.815
637,125,0.5
1149,125,6.66666666666667
125,126,3916.815
126,126,-7840.29666666667
127,126,3916.815
638,126,0.5
1150,126,6.66666666666667
126,127,3916.815
127,127,-7840.29666666667
128,127,3916.815
639,127,0.5
1151,127,6.66666666666667
127,128,3916.815
128,128,-7840.29666666667
129,128,3916.815
640,128,0.5
1152,128,6.66666666666667
128,129,3916.815
129,129,-7840.29666666667
130,129,3916.815
641,129,0.5
1153,129,6.66666666666667
129,130,3916.815
130,130,-7840.29666666667
131,130,3916.815
642,130,0.5
1154,130,6.66666666666667
130,131,3916.815
131,131,-7840.29666666667
132,131,3916.815
643,131,0.5
1155,131,6.66666666666667
131,132,3916.815
132,132,-7840.29666666667
133,132,3916.815
644,132,0.5
1156,132,6.66666666666667
132,133,3916.815
133,133,-7840.29666666667
134,133,3916.815
645,133,0.5
1157,133,6.66666666666667
133,134,3916.815
134,134,-7840.29666666667
135,134,3916.815
646,134,0.5
1158,134,6.66666666666667
134,135,3916.815
135,135,-7840.29666666667
136,135,3916.815
647,135,0.5
1159,135,6.66666666666667
135,136,3916.815
136,136,-7840.29666666667
137,136,3916.815
648,136,0.5
1160,136,6.66666666666667
136,137,3916.815
137,137,-7840.29666666667
138,137,3916.815
649,137,0.5
1161,137,6.66666666666667
137,138,3916.815
138,138,-7840.29666666667
139,138,3916.815
650,138,0.5
1162,138,6.66666666666667
138,139,3916.815
139,139,-7840.29666666667
140,139,3916.815
651,139,0.5
1163,139,6.66666666666667
139,140,3916.815
140,140,-7840.29666666667
141,140,3916.815
652,140,0.5
1164,140,6.66666666666667
140,141,3916.815
141,141,-7840.29666666667
142,141,3916.815
653,141,0.5
1165,141,6.66666666666667
141,142,3916.815
142,142,-7840.29666666667
143,142,3916.815
654,142,0.5
1166,142,6.66666666666667
142,143,3916.815
143,143,-7840.29666666667
144,143,3916.815
655,143,0.5
1167,143,6.66666666666667
143,144,3916.815
144,144,-7840.29666666667
145,144,3916.815
656,144,0.5
1168,144,6.66666666666667
144,145,3916.815
145,145,-7840.29666666667
146,145,3916.815
657,145,0.5
1169,145,6.66666666666667
145,146,3916.815
146,146,-7840.29666666667
147,146,3916.815
658,146,0.5
1170,146,6.66666666666667
146,147,3916.815
147,147,-7840.29666666667
148,147,3916.815
659,147,0.5
1171,147,6.66666666666667
147,148,3916.815
148,148,-7840.29666666667
149,148,3916.815
660,148,0.5
1172,148,6.66666666666667
148,149,3916.815
149,149,-7840.29666666667
150,149,3916.815
661,149,0.5
1173,149,6.66666666666667
149,150,3916.815
150,150,-7840.29666666667
151,150,3916.815
662,150,0.5
1174,150,6.66666666666667
150,151,3916.815
151,151,-7840.29666666667
152,151,3916.815
663,151,0.5
1175,151,6.66666666666667
151,152,3916.815
152,152,-7840.29666666667
153,152,3916.815
664,152,0.5
1176,152,6.66666666666667
152,153,3916.815
153,153,-7840.29666666667
154,153,3916.815
665,153,0.5
1177,153,6.66666666666667
153,154,3916.815
154,154,-7840.29666666667
155,154,3916.815
666,154,0.5
1178,154,6.66666666666667
154,155,3916.815
155,155,-7840.29666666667
156,155,3916.815
667,155,0.5
1179,155,6.66666666666667
155,156,3916.815
156,156,-7840.29666666667
157,156,3916.815
668,156,0.5
1180,156,6.66666666666667
156,157,3916.815
157,157,-7840.29666666667
158,157,3916.815
669,157,0.5
1181,157,6.66666666666667
157,158,3916.815
158,158,-7840.29666666667
159,158,3916.815
670,158,0.5
1182,158,6.66666666666667
158,159,3916.815
159,159,-7840.29666666667
160,159,3916.815
671,159,0.5
1183,159,6.66666666666667
159,160,3916.815
160,160,-7840.29666666667
161,160,3916.815
672,160,0.5
1184,160,6.66666666666667
160,161,3916.815
161,161,-7840.29666666667
162,161,3916.815
673,161,0.5
1185,161,6.66666666666667
161,162,3916.815
162,162,-7840.29666666667
163,162,3916.815
674,162,0.5
1186,162,6.66666666666667
162,163,3916.815
163,163,-7840.29666666667
164,163,3916.815
675,163,0.5
1187,163,6.66666666666667
163,164,3916.815
164,164,-7840.29666666667
165,164,3916.815
676,164,0.5
1188,164,6.66666666666667
164,165,3916.815
165,165,-7840.29666666667
166,165,3916.815
677,165,0.5
1189,165,6.66666666666667
165,166,3916.815
166,166,-7840.29666666667
167,166,3916.815
678,166,0.5
1190,166,6.66666666666667
166,167,3916.815
167,167,-7840.29666666667
168,167,3916.815
679,167,0.5
1191,167,6.66666666666667
167,168,3916.815
168,168,-7840.29666666667
169,168,3916.815
680,168,0.5
1192,168,6.66666666666667
168,169,3916.815
169,169,-7840.29666666667
170,169,3916.815
681,169,0.5
1193,169,6.66666666666667
169,170,3916.815
170,170,-7840.29666666667
171,170,3916.815
682,170,0.5
1194,170,6.66666666666667
170,171,3916.815
171,171,-7840.29666666667
172,171,3916.815
683,171,0.5
1195,171,6.66666666666667
171,172,3916.815
172,172,-7840.29666666667
173,172,3916.815
684,172,0.5
1196,172,6.66666666666667
172,173,3916.815
173,173,-7840.29666666667
174,173,3916.815
685,173,0.5
1197,173,6.66666666666667
173,174,3916.815
174,174,-7840.29666666667
175,174,3916.815
686,174,0.5
1198,174,6.66666666666667
174,175,3916.815
175,175,-7840.29666666667
176,175,3916.815
687,175,0.5
1199,175,6.66666666666667
175,176,3916.815
176,176,-7840.29666666667
177,176,3916.815
688,176,0.5
1200,176,6.66666666666667
176,177,3916.815
177,177,-7840.29666666667
178,177,3916.815
689,177,0.5
1201,177,6.66666666666667
177,178,3916.815
178,178,-7840.29666666667
179,178,3916.815
690,178,0.5
1202,178,6.66666666666667
178,179,3916.815
179,179,-7840.29666666667
180,179,3916.815
691,179,0.5
1203,179,6.66666666666667
179,180,3916.815
180,180,-7840.29666666667
181,180,3916.815
692,180,0.5
1204,180,6.66666666666667
180,181,3916.815
181,181,-7840.29666666667
182,181,3916.815
693,181,0.5
1205,181,6.66666666666667
181,182,3916.815
182,182,-7840.29666666667
183,182,3916.815
694,182,0.5
1206,182,6.66666666666667
182,183,3916.815
183,183,-7840.29666666667
184,183,3916.815
695,183,0.5
1207,183,6.66666666666667
183,184,3916.815
184,184,-7840.29666666667
185,184,3916.815
696,184,0.5
1208,184,6.66666666666667
184,185,3916.815
185,185,-7840.29666666667
186,185,3916.815
697,185,0.5
1209,185,6.66666666666667
185,186,3916.815
186,186,-7840.29666666667
187,186,3916.815
698,186,0.5
1210,186,6.66666666666667
186,187,3916.815
187,187,-7840.29666666667
188,187,3916.815
699,187,0.5
1211,187,6.66666666666667
187,188,3916.815
188,188,-7840.29666666667
189,188,3916.815
700,188,0.5
1212,188,6.66666666666667
188,189,3916.815
189,189,-7840.29666666667
190,189,3916.815
701,189,0.5
1213,189,6.66666666666667
189,190,3916.815
190,190,-7840.29666666667
191,190,3916.815
702,190,0.5
1214,190,6.66666666666667
190,191,3916.815
191,191,-7840.29666666667
192,191,3916.815
703,191,0.5
1215,191,6.66666666666667
191,192,3916.815
192,192,-7840.29666666667
193,192,3916.815
704,192,0.5
1216,192,6.66666666666667
192,193,3916.815
193,193,-7840.29666666667
194,193,3916.815
705,193,0.5
1217,193,6.66666666666667
193,194,3916.815
194,194,-7840.29666666667
195,194,3916.815
706,194,0.5
1218,194,6.66666666666667
194,195,3916.815
195,195,-7840.29666666667
196,195,3916.815
707,195,0.5
1219,195,6.66666666666667
195,196,3916.815
196,196,-7840.29666666667
197,196,3916.815
708,196,0.5
1220,196,6.66666666666667
196,197,3916.815
197,197,-7840.29666666667
198,197,3916.815
709,197,0.5
1221,197,6.66666666666667
197,198,3916.815
198,198,-7840.29666666667
199,198,3916.815
710,198,0.5
1222,198,6.66666666666667
198,199,3916.815
199,199,-7840.29666666667
200,199,3916.815
711,199,0.5
1223,199,6.66666666666667
199,200,3916.815
200,200,-7840.29666666667
201,200,3916.815
712,200,0.5
1224,200,6.66666666666667
200,201,3916.815
201,201,-7840.29666666667
202,201,3916.815
713,201,0.5
1225,201,6.66666666666667
201,202,3916.815
202,202,-7840.29666666667
203,202,3916.815
714,202,0.5
1226,202,6.66666666666667
202,203,3916.815
203,203,-7840.29666666667
204,203,3916.815
715,203,0.5
1227,203,6.66666666666667
203,204,3916.815
204,204,-7840.29666666667
205,204,3916.815
716,204,0.5
1228,204,6.66666666666667
204,205,3916.815
205,205,-7840.29666666667
206,205,3916.815
717,205,0.5
1229,205,6.66666666666667
205,206,3916.815
206,206,-7840.29666666667
207,206,3916.815
718,206,0.5
1230,206,6.66666666666667
206,207,3916.815
207,207,-7840.29666666667
208,207,3916.815
719,207,0.5
1231,207,6.66666666666667
207,208,3916.815
208,208,-7840.29666666667
209,208,3916.815
720,208,0.5
1232,208,6.66666666666667
208,209,3916.815
209,209,-7840.29666666667
210,209,3916.815
721,209,0.5
1233,209,6.66666666666667
209,210,3916.815
210,210,-7840.29666666667
211,210,3916.815
722,210,0.5
1234,210,6.66666666666667
210,211,3916.815
211,211,-7840.29666666667
212,211,3916.815
723,211,0.5
1235,211,6.66666666666667
211,212,3916.815
212,212,-7840.29666666667
213,212,3916.815
724,212,0.5
1236,212,6.66666666666667
212,213,3916.815
213,213,-7840.29666666667
214,213,3916.815
725,213,0.5
1237,213,6.66666666666667
213,214,3916.815
214,214,-7840.29666666667
215,214,3916.815
726,214,0.5
1238,214,6.66666666666667
214,215,3916.815
215,215,-7840.29666666667
216,215,3916.815
727,215,0.5
1239,215,6.66666666666667
215,216,3916.815
216,216,-7840.29666666667
217,216,3916.815
728,216,0.5
1240,216,6.66666666666667
216,217,3916.815
217,217,-7840.29666666667
218,217,3916.815
729,217,0.5
1241,217,6.66666666666667
217,218,3916.815
218,218,-7840.29666666667
219,218,3916.815
730,218,0.5
1242,218,6.66666666666667
218,219,3916.815
219,219,-7840.29666666667
220,219,3916.815
731,219,0.5
1243,219,6.66666666666667
219,220,3916.815
220,220,-7840.29666666667
221,220,3916.815
732,220,0.5
1244,220,6.66666666666667
220,221,3916.815
221,221,-7840.29666666667
222,221,3916.815
733,221,0.5
1245,221,6.66666666666667
221,222,3916.815
222,222,-7840.29666666667
223,222,3916.815
734,222,0.5
1246,222,6.66666666666667
222,223,3916.815
223,223,-7840.29666666667
224,223,3916.815
735,223,0.5
1247,223,6.66666666666667
223,224,3916.815
224,224,-7840.29666666667
225,224,3916.815
736,224,0.5
1248,224,6.66666666666667
224,225,3916.815
225,225,-7840.29666666667
226,225,3916.815
737,225,0.5
1249,225,6.66666666666667
225,226,3916.815
226,226,-7840.29666666667
227,226,3916.815
738,226,0.5
1250,226,6.66666666666667
226,227,3916.815
227,227,-7840.29666666667
228,227,3916.815
739,227,0.5
1251,227,6.66666666666667
227,228,3916.815
228,228,-7840.29666666667
229,228,3916.815
740,228,0.5
1252,228,6.66666666666667
228,229,3916.815
229,229,-7840.29666666667
230,229,3916.815
741,229,0.5
1253,229,6.66666666666667
229,230,3916.815
230,230,-7840.29666666667
231,230,3916.815
742,230,0.5
1254,230,6.66666666666667
230,231,3916.815
231,231,-7840.29666666667
232,231,3916.815
743,231,0.5
1255,231,6.66666666666667
231,232,3916.815
232,232,-7840.29666666667
233,232,3916.815
744,232,0.5
1256,232,6.66666666666667
232,233,3916.815
233,233,-7840.29666666667
234,233,3916.815
745,233,0.5
1257,233,6.66666666666667
233,234,3916.815
234,234,-7840.29666666667
235,234,3916.815
746,234,0.5
1258,234,6.66666666666667
234,235,3916.815
235,235,-7840.29666666667
236,235,3916.815
747,235,0.5
1259,235,6.66666666666667
235,236,3916.815
236,236,-7840.29666666667
237,236,3916.815
748,236,0.5
1260,236,6.66666666666667
236,237,3916.815
237,237,-7840.29666666667
238,237,3916.815
749,237,0.5
1261,237,6.66666666666667
237,238,3916.815
238,238,-7840.29666666667
239,238,3916.815
750,238,0.5
1262,238,6.66666666666667
238,239,3916.815
239,239,-7840.29666666667
240,239,3916.815
751,239,0.5
1263,239,6.66666666666667
239,240,3916.815
240,240,-7840.29666666667
241,240,3916.815
752,240,0.5
1264,240,6.66666666666667
240,241,3916.815
241,241,-7840.29666666667
242,241,3916.815
753,241,0.5
1265,241,6.66666666666667
241,242,3916.815
242,242,-7840.29666666667
243,242,3916.815
754,242,0.5
1266,242,6.66666666666667
242,243,3916.815
243,243,-7840.29666666667
244,243,3916.815
755,243,0.5
1267,243,6.66666666666667
243,244,3916.815
244,244,-7840.29666666667
245,244,3916.815
756,244,0.5
1268,244,6.66666666666667
244,245,3916.815
245,245,-7840.29666666667
246,245,3916.815
757,245,0.5
1269,245,6.66666666666667
245,246,3916.815
246,246,-7840.29666666667
247,246,3916.815
758,246,0.5
1270,246,6.66666666666667
246,247,3916.815
247,247,-7840.29666666667
248,247,3916.815
759,247,0.5
1271,247,6.66666666666667
247,248,3916.815
248,248,-7840.29666666667
249,248,3916.815
760,248,0.5
1272,248,6.66666666666667
248,249,3916.815
249,249,-7840.29666666667
250,249,3916.815
761,249,0.5
1273,249,6.66666666666667
249,250,3916.815
250,250,-7840.29666666667
251,250,3916.815
762,250,0.5
1274,250,6.66666666666667
250,251,3916.815
251,251,-7840.29666666667
252,251,3916.815
763,251,0.5
1275,251,6.66666666666667
251,252,3916.815
252,252,-7840.29666666667
253,252,3916.815
764,252,0.5
1276,252,6.66666666666667
252,253,3916.815
253,253,-7840.29666666667
254,253,3916.815
765,253,0.5
1277,253,6.66666666666667
253,254,3916.815
254,254,-7840.29666666667
255,254,3916.815
766,254,0.5
1278,254,6.66666666666667
254,255,3916.815
255,255,-7840.29666666667
256,255,3916.815
767,255,0.5
1279,255,6.66666666666667
255,256,3916.815
256,256,-7840.29666666667
257,256,3916.815
768,256,0.5
1280,256,6.66666666666667
256,257,3916.815
257,257,-7840.29666666667
258,257,3916.815
769,257,0.5
1281,257,6.66666666666667
257,258,3916.815
258,258,-7840.29666666667
259,258,3916.815
770,258,0.5
1282,258,6.66666666666667
258,259,3916.815
259,259,-7840.29666666667
260,259,3916.815
771,259,0.5
1283,259,6.66666666666667
259,260,3916.815
260,260,-7840.29666666667
261,260,3916.815
772,260,0.5
1284,260,6.66666666666667
260,261,3916.815
261,261,-7840.29666666667
262,261,3916.815
773,261,0.5
1285,261,6.66666666666667
261,262,3916.815
262,262,-7840.29666666667
263,262,3916.815
774,262,0.5
1286,262,6.66666666666667
262,263,3916.815
263,263,-7840.29666666667
264,263,3916.815
775,263,0.5
1287,263,6.66666666666667
263,264,3916.815
264,264,-7840.29666666667
265,264,3916.815
776,264,0.5
1288,264,6.66666666666667
264,265,3916.815
265,265,-7840.29666666667
266,265,3916.815
777,265,0.5
1289,265,6.66666666666667
265,266,3916.815
266,266,-7840.29666666667
267,266,3916.815
778,266,0.5
1290,266,6.66666666666667
266,267,3916.815
267,267,-7840.29666666667
268,267,3916.815
779,267,0.5
1291,267,6.66666666666667
267,268,3916.815
268,268,-7840.29666666667
269,268,3916.815
780,268,0.5
1292,268,6.66666666666667
268,269,3916.815
269,269,-7840.29666666667
270,269,3916.815
781,269,0.5
1293,269,6.66666666666667
269,270,3916.815
270,270,-7840.29666666667
271,270,3916.815
782,270,0.5
1294,270,6.66666666666667
270,271,3916.815
271,271,-7840.29666666667
272,271,3916.815
783,271,0.5
1295,271,6.66666666666667
271,272,3916.815
272,272,-7840.29666666667
273,272,3916.815
784,272,0.5
1296,272,6.66666666666667
272,273,3916.815
273,273,-7840.29666666667
274,273,3916.815
785,273,0.5
1297,273,6.66666666666667
273,274,3916.815
274,274,-7840.29666666667
275,274,3916.815
786,274,0.5
1298,274,6.66666666666667
274,275,3916.815
275,275,-7840.29666666667
276,275,3916.815
787,275,0.5
1299,275,6.66666666666667
275,276,3916.815
276,276,-7840.29666666667
277,276,3916.815
788,276,0.5
1300,276,6.66666666666667
276,277,3916.815
277,277,-7840.29666666667
278,277,3916.815
789,277,0.5
1301,277,6.66666666666667
277,278,3916.815
278,278,-7840.29666666667
279,278,3916.815
790,278,0.5
1302,278,6.66666666666667
278,279,3916.815
279,279,-7840.29666666667
280,279,3916.815
791,279,0.5
1303,279,6.66666666666667
279,280,3916.815
280,280,-7840.29666666667
281,280,3916.815
792,280,0.5
1304,280,6.66666666666667
280,281,3916.815
281,281,-7840.29666666667
282,281,3916.815
793,281,0.5
1305,281,6.66666666666667
281,282,3916.815
282,282,-7840.29666666667
283,282,3916.815
794,282,0.5
1306,282,6.66666666666667
282,283,3916.815
283,283,-7840.29666666667
284,283,3916.815
795,283,0.5
1307,283,6.66666666666667
283,284,3916.815
284,284,-7840.29666666667
285,284,3916.815
796,284,0.5
1308,284,6.66666666666667
284,285,3916.815
285,285,-7840.29666666667
286,285,3916.815
797,285,0.5
1309,285,6.66666666666667
285,286,3916.815
286,286,-7840.29666666667
287,286,3916.815
798,286,0.5
1310,286,6.66666666666667
286,287,3916.815
287,287,-7840.29666666667
288,287,3916.815
799,287,0.5
1311,287,6.66666666666667
287,288,3916.815
288,288,-7840.29666666667
289,288,3916.815
800,288,0.5
1312,288,6.66666666666667
288,289,3916.815
289,289,-7840.29666666667
290,289,3916.815
801,289,0.5
1313,289,6.66666666666667
289,290,3916.815
290,290,-7840.29666666667
291,290,3916.815
802,290,0.5
1314,290,6.66666666666667
290,291,3916.815
291,291,-7840.29666666667
292,291,3916.815
803,291,0.5
1315,291,6.66666666666667
291,292,3916.815
292,292,-7840.29666666667
293,292,3916.815
804,292,0.5
1316,292,6.66666666666667
292,293,3916.815
293,293,-7840.29666666667
294,293,3916.815
805,293,0.5
1317,293,6.66666666666667
293,294,3916.815
294,294,-7840.29666666667
295,294,3916.815
806,294,0.5
1318,294,6.66666666666667
294,295,3916.815
295,295,-7840.29666666667
296,295,3916.815
807,295,0.5
1319,295,6.66666666666667
295,296,3916.815
296,296,-7840.29666666667
297,296,3916.815
808,296,0.5
1320,296,6.66666666666667
296,297,3916.815
297,297,-7840.29666666667
298,297,3916.815
809,297,0.5
1321,297,6.66666666666667
297,298,3916.815
298,298,-7840.29666666667
299,298,3916.815
810,298,0.5
1322,298,6.66666666666667
298,299,3916.815
299,299,-7840.29666666667
300,299,3916.815
811,299,0.5
1323,299,6.66666666666667
299,300,3916.815
300,300,-7840.29666666667
301,300,3916.815
812,300,0.5
1324,300,6.66666666666667
300,301,3916.815
301,301,-7840.29666666667
302,301,3916.815
813,301,0.5
1325,301,6.66666666666667
301,302,3916.815
302,302,-7840.29666666667
303,302,3916.815
814,302,0.5
1326,302,6.66666666666667
302,303,3916.815
303,303,-7840.29666666667
304,303,3916.815
815,303,0.5
1327,303,6.66666666666667
303,304,3916.815
304,304,-7840.29666666667
305,304,3916.815
816,304,0.5
1328,304,6.66666666666667
304,305,3916.815
305,305,-7840.29666666667
306,305,3916.815
817,305,0.5
1329,305,6.66666666666667
305,306,3916.815
306,306,-7840.29666666667
307,306,3916.815
818,306,0.5
1330,306,6.66666666666667
306,307,3916.815
307,307,-7840.29666666667
308,307,3916.815
819,307,0.5
1331,307,6.66666666666667
307,308,3916.815
308,308,-7840.29666666667
309,308,3916.815
820,308,0.5
1332,308,6.66666666666667
308,309,3916.815
309,309,-7840.29666666667
310,309,3916.815
821,309,0.5
1333,309,6.66666666666667
309,310,3916.815
310,310,-7840.29666666667
311,310,3916.815
822,310,0.5
1334,310,6.66666666666667
310,311,3916.815
311,311,-7840.29666666667
312,311,3916.815
823,311,0.5
1335,311,6.66666666666667
311,312,3916.815
312,312,-7840.29666666667
313,312,3916.815
824,312,0.5
1336,312,6.66666666666667
312,313,3916.815
313,313,-7840.29666666667
314,313,3916.815
825,313,0.5
1337,313,6.66666666666667
313,314,3916.815
314,314,-7840.29666666667
315,314,3916.815
826,314,0.5
1338,314,6.66666666666667
314,315,3916.815
315,315,-7840.29666666667
316,315,3916.815
827,315,0.5
1339,315,6.66666666666667
315,316,3916.815
316,316,-7840.29666666667
317,316,3916.815
828,316,0.5
1340,316,6.66666666666667
316,317,3916.815
317,317,-7840.29666666667
318,317,3916.815
829,317,0.5
1341,317,6.66666666666667
317,318,3916.815
318,318,-7840.29666666667
319,318,3916.815
830,318,0.5
1342,318,6.66666666666667
318,319,3916.815
319,319,-7840.29666666667
320,319,3916.815
831,319,0.5
1343,319,6.66666666666667
319,320,3916.815
320,320,-7840.29666666667
321,320,3916.815
832,320,0.5
1344,320,6.66666666666667
320,321,3916.815
321,321,-7840.29666666667
322,321,3916.815
833,321,0.5
1345,321,6.66666666666667
321,322,3916.815
322,322,-7840.29666666667
323,322,3916.815
834,322,0.5
1346,322,6.66666666666667
322,323,3916.815
323,323,-7840.29666666667
324,323,3916.815
835,323,0.5
1347,323,6.66666666666667
323,324,3916.815
324,324,-7840.29666666667
325,324,3916.815
836,324,0.5
1348,324,6.66666666666667
324,325,3916.815
325,325,-7840.29666666667
326,325,3916.815
837,325,0.5
1349,325,6.66666666666667
325,326,3916.815
326,326,-7840.29666666667
327,326,3916.815
838,326,0.5
1350,326,6.66666666666667
326,327,3916.815
327,327,-7840.29666666667
328,327,3916.815
839,327,0.5
1351,327,6.66666666666667
327,328,3916.815
328,328,-7840.29666666667
329,328,3916.815
840,328,0.5
1352,328,6.66666666666667
328,329,3916.815
329,329,-7840.29666666667
330,329,3916.815
841,329,0.5
1353,329,6.66666666666667
329,330,3916.815
330,330,-7840.29666666667
331,330,3916.815
842,330,0.5
1354,330,6.66666666666667
330,331,3916.815
331,331,-7840.29666666667
332,331,3916.815
843,331,0.5
1355,331,6.66666666666667
331,332,3916.815
332,332,-7840.29666666667
333,332,3916.815
844,332,0.5
1356,332,6.66666666666667
332,333,3916.815
333,333,-7840.29666666667
334,333,3916.815
845,333,0.5
1357,333,6.66666666666667
333,334,3916.815
334,334,-7840.29666666667
335,334,3916.815
846,334,0.5
1358,334,6.66666666666667
334,335,3916.815
335,335,-7840.29666666667
336,335,3916.815
847,335,0.5
1359,335,6.66666666666667
335,336,3916.815
336,336,-7840.29666666667
337,336,3916.815
848,336,0.5
1360,336,6.66666666666667
336,337,3916.815
337,337,-7840.29666666667
338,337,3916.815
849,337,0.5
1361,337,6.66666666666667
337,338,3916.815
338,338,-7840.29666666667
339,338,3916.815
850,338,0.5
1362,338,6.66666666666667
338,339,3916.815
339,339,-7840.29666666667
340,339,3916.815
851,339,0.5
1363,339,6.66666666666667
339,340,3916.815
340,340,-7840.29666666667
341,340,3916.815
852,340,0.5
1364,340,6.66666666666667
340,341,3916.815
341,341,-7840.29666666667
342,341,3916.815
853,341,0.5
1365,341,6.66666666666667
341,342,3916.815
342,342,-7840.29666666667
343,342,3916.815
854,342,0.5
1366,342,6.66666666666667
342,343,3916.815
343,343,-7840.29666666667
344,343,3916.815
855,343,0.5
1367,343,6.66666666666667
343,344,3916.815
344,344,-7840.29666666667
345,344,3916.815
856,344,0.5
1368,344,6.66666666666667
344,345,3916.815
345,345,-7840.29666666667
346,345,3916.815
857,345,0.5
1369,345,6.66666666666667
345,346,3916.815
346,346,-7840.29666666667
347,346,3916.815
858,346,0.5
1370,346,6.66666666666667
346,347,3916.815
347,347,-7840.29666666667
348,347,3916.815
859,347,0.5
1371,347,6.66666666666667
347,348,3916.815
348,348,-7840.29666666667
349,348,3916.815
860,348,0.5
1372,348,6.66666666666667
348,349,3916.815
349,349,-7840.29666666667
350,349,3916.815
861,349,0.5
1373,349,6.66666666666667
349,350,3916.815
350,350,-7840.29666666667
351,350,3916.815
862,350,0.5
1374,350,6.66666666666667
350,351,3916.815
351,351,-7840.29666666667
352,351,3916.815
863,351,0.5
1375,351,6.66666666666667
351,352,3916.815
352,352,-7840.29666666667
353,352,3916.815
864,352,0.5
1376,352,6.66666666666667
352,353,3916.815
353,353,-7840.29666666667
354,353,3916.815
865,353,0.5
1377,353,6.66666666666667
353,354,3916.815
354,354,-7840.29666666667
355,354,3916.815
866,354,0.5
1378,354,6.66666666666667
354,355,3916.815
355,355,-7840.29666666667
356,355,3916.815
867,355,0.5
1379,355,6.66666666666667
355,356,3916.815
356,356,-7840.29666666667
357,356,3916.815
868,356,0.5
1380,356,6.66666666666667
356,357,3916.815
357,357,-7840.29666666667
358,357,3916.815
869,357,0.5
1381,357,6.66666666666667
357,358,3916.815
358,358,-7840.29666666667
359,358,3916.815
870,358,0.5
1382,358,6.66666666666667
358,359,3916.815
359,359,-7840.29666666667
360,359,3916.815
871,359,0.5
1383,359,6.66666666666667
359,360,3916.815
360,360,-7840.29666666667
361,360,3916.815
872,360,0.5
1384,360,6.66666666666667
360,361,3916.815
361,361,-7840.29666666667
362,361,3916.815
873,361,0.5
1385,361,6.66666666666667
361,362,3916.815
362,362,-7840.29666666667
363,362,3916.815
874,362,0.5
1386,362,6.66666666666667
362,363,3916.815
363,363,-7840.29666666667
364,363,3916.815
875,363,0.5
1387,363,6.66666666666667
363,364,3916.815
364,364,-7840.29666666667
365,364,3916.815
876,364,0.5
1388,364,6.66666666666667
364,365,3916.815
365,365,-7840.29666666667
366,365,3916.815
877,365,0.5
1389,365,6.66666666666667
365,366,3916.815
366,366,-7840.29666666667
367,366,3916.815
878,366,0.5
1390,366,6.66666666666667
366,367,3916.815
367,367,-7840.29666666667
368,367,3916.815
879,367,0.5
1391,367,6.66666666666667
367,368,3916.815
368,368,-7840.29666666667
369,368,3916.815
880,368,0.5
1392,368,6.66666666666667
368,369,3916.815
369,369,-7840.29666666667
370,369,3916.815
881,369,0.5
1393,369,6.66666666666667
369,370,3916.815
370,370,-7840.29666666667
371,370,3916.815
882,370,0.5
1394,370,6.66666666666667
370,371,3916.815
371,371,-7840.29666666667
372,371,3916.815
883,371,0.5
1395,371,6.66666666666667
371,372,3916.815
372,372,-7840.29666666667
373,372,3916.815
884,372,0.5
1396,372,6.66666666666667
372,373,3916.815
373,373,-7840.29666666667
374,373,3916.815
885,373,0.5
1397,373,6.66666666666667
373,374,3916.815
374,374,-7840.29666666667
375,374,3916.815
886,374,0.5
1398,374,6.66666666666667
374,375,3916.815
375,375,-7840.29666666667
376,375,3916.815
887,375,0.5
1399,375,6.66666666666667
375,376,3916.815
376,376,-7840.29666666667
377,376,3916.815
888,376,0.5
1400,376,6.66666666666667
376,377,3916.815
377,377,-7840.29666666667
378,377,3916.815
889,377,0.5
1401,377,6.66666666666667
377,378,3916.815
378,378,-7840.29666666667
379,378,3916.815
890,378,0.5
1402,378,6.66666666666667
378,379,3916.815
379,379,-7840.29666666667
380,379,3916.815
891,379,0.5
1403,379,6.66666666666667
379,380,3916.815
380,380,-7840.29666666667
381,380,3916.815
892,380,0.5
1404,380,6.66666666666667
380,381,3916.815
381,381,-7840.29666666667
382,381,3916.815
893,381,0.5
1405,381,6.66666666666667
381,382,3916.815
382,382,-7840.29666666667
383,382,3916.815
894,382,0.5
1406,382,6.66666666666667
382,383,3916.815
383,383,-7840.29666666667
384,383,3916.815
895,383,0.5
1407,383,6.66666666666667
383,384,3916.815
384,384,-7840.29666666667
385,384,3916.815
896,384,0.5
1408,384,6.66666666666667
384,385,3916.815
385,385,-7840.29666666667
386,385,3916.815
897,385,0.5
1409,385,6.66666666666667
385,386,3916.815
386,386,-7840.29666666667
387,386,3916.815
898,386,0.5
1410,386,6.66666666666667
386,387,3916.815
387,387,-7840.29666666667
388,387,3916.815
899,387,0.5
1411,387,6.66666666666667
387,388,3916.815
388,388,-7840.29666666667
389,388,3916.815
900,388,0.5
1412,388,6.66666666666667
388,389,3916.815
389,389,-7840.29666666667
390,389,3916.815
901,389,0.5
1413,389,6.66666666666667
389,390,3916.815
390,390,-7840.29666666667
391,390,3916.815
902,390,0.5
1414,390,6.66666666666667
390,391,3916.815
391,391,-7840.29666666667
392,391,3916.815
903,391,0.5
1415,391,6.66666666666667
391,392,3916.815
392,392,-7840.29666666667
393,392,3916.815
904,392,0.5
1416,392,6.66666666666667
392,393,3916.815
393,393,-7840.29666666667
394,393,3916.815
905,393,0.5
1417,393,6.66666666666667
393,394,3916.815
394,394,-7840.29666666667
395,394,3916.815
906,394,0.5
1418,394,6.66666666666667
394,395,3916.815
395,395,-7840.29666666667
396,395,3916.815
907,395,0.5
1419,395,6.66666666666667
395,396,3916.815
396,396,-7840.29666666667
397,396,3916.815
908,396,0.5
1420,396,6.66666666666667
396,397,3916.815
397,397,-7840.29666666667
398,397,3916.815
909,397,0.5
1421,397,6.66666666666667
397,398,3916.815
398,398,-7840.29666666667
399,398,3916.815
910,398,0.5
1422,398,6.66666666666667
398,399,3916.815
399,399,-7840.29666666667
400,399,3916.815
911,399,0.5
1423,399,6.66666666666667
399,400,3916.815
400,400,-7840.29666666667
401,400,3916.815
912,400,0.5
1424,400,6.66666666666667
400,401,3916.815
401,401,-7840.29666666667
402,401,3916.815
913,401,0.5
1425,401,6.66666666666667
401,402,3916.815
402,402,-7840.29666666667
403,402,3916.815
914,402,0.5
1426,402,6.66666666666667
402,403,3916.815
403,403,-7840.29666666667
404,403,3916.815
915,403,0.5
1427,403,6.66666666666667
403,404,3916.815
404,404,-7840.29666666667
405,404,3916.815
916,404,0.5
1428,404,6.66666666666667
404,405,3916.815
405,405,-7840.29666666667
406,405,3916.815
917,405,0.5
1429,405,6.66666666666667
405,406,3916.815
406,406,-7840.29666666667
407,406,3916.815
918,406,0.5
1430,406,6.66666666666667
406,407,3916.815
407,407,-7840.29666666667
408,407,3916.815
919,407,0.5
1431,407,6.66666666666667
407,408,3916.815
408,408,-7840.29666666667
409,408,3916.815
920,408,0.5
1432,408,6.66666666666667
408,409,3916.815
409,409,-7840.29666666667
410,409,3916.815
921,409,0.5
1433,409,6.66666666666667
409,410,3916.815
410,410,-7840.29666666667
411,410,3916.815
922,410,0.5
1434,410,6.66666666666667
410,411,3916.815
411,411,-7840.29666666667
412,411,3916.815
923,411,0.5
1435,411,6.66666666666667
411,412,3916.815
412,412,-7840.29666666667
413,412,3916.815
924,412,0.5
1436,412,6.66666666666667
412,413,3916.815
413,413,-7840.29666666667
414,413,3916.815
925,413,0.5
1437,413,6.66666666666667
413,414,3916.815
414,414,-7840.29666666667
415,414,3916.815
926,414,0.5
1438,414,6.66666666666667
414,415,3916.815
415,415,-7840.29666666667
416,415,3916.815
927,415,0.5
1439,415,6.66666666666667
415,416,3916.815
416,416,-7840.29666666667
417,416,3916.815
928,416,0.5
1440,416,6.66666666666667
416,417,3916.815
417,417,-7840.29666666667
418,417,3916.815
929,417,0.5
1441,417,6.66666666666667
417,418,3916.815
418,418,-7840.29666666667
419,418,3916.815
930,418,0.5
1442,418,6.66666666666667
418,419,3916.815
419,419,-7840.29666666667
420,419,3916.815
931,419,0.5
1443,419,6.66666666666667
419,420,3916.815
420,420,-7840.29666666667
421,420,3916.815
932,420,0.5
1444,420,6.66666666666667
420,421,3916.815
421,421,-7840.29666666667
422,421,3916.815
933,421,0.5
1445,421,6.66666666666667
421,422,3916.815
422,422,-7840.29666666667
423,422,3916.815
934,422,0.5
1446,422,6.66666666666667
422,423,3916.815
423,423,-7840.29666666667
424,423,3916.815
935,423,0.5
1447,423,6.66666666666667
423,424,3916.815
424,424,-7840.29666666667
425,424,3916.815
936,424,0.5
1448,424,6.66666666666667
424,425,3916.815
425,425,-7840.29666666667
426,425,3916.815
937,425,0.5
1449,425,6.66666666666667
425,426,3916.815
426,426,-7840.29666666667
427,426,3916.815
938,426,0.5
1450,426,6.66666666666667
426,427,3916.815
427,427,-7840.29666666667
428,427,3916.815
939,427,0.5
1451,427,6.66666666666667
427,428,3916.815
428,428,-7840.29666666667
429,428,3916.815
940,428,0.5
1452,428,6.66666666666667
428,429,3916.815
429,429,-7840.29666666667
430,429,3916.815
941,429,0.5
1453,429,6.66666666666667
429,430,3916.815
430,430,-7840.29666666667
431,430,3916.815
942,430,0.5
1454,430,6.66666666666667
430,431,3916.815
431,431,-7840.29666666667
432,431,3916.815
943,431,0.5
1455,431,6.66666666666667
431,432,3916.815
432,432,-7840.29666666667
433,432,3916.815
944,432,0.5
1456,432,6.66666666666667
432,433,3916.815
433,433,-7840.29666666667
434,433,3916.815
945,433,0.5
1457,433,6.66666666666667
433,434,3916.815
434,434,-7840.29666666667
435,434,3916.815
946,434,0.5
1458,434,6.66666666666667
434,435,3916.815
435,435,-7840.29666666667
436,435,3916.815
947,435,0.5
1459,435,6.66666666666667
435,436,3916.815
436,436,-7840.29666666667
437,436,3916.815
948,436,0.5
1460,436,6.66666666666667
436,437,3916.815
437,437,-7840.29666666667
438,437,3916.815
949,437,0.5
1461,437,6.66666666666667
437,438,3916.815
438,438,-7840.29666666667
439,438,3916.815
950,438,0.5
1462,438,6.66666666666667
438,439,3916.815
439,439,-7840.29666666667
440,439,3916.815
951,439,0.5
1463,439,6.66666666666667
439,440,3916.815
440,440,-7840.29666666667
441,440,3916.815
952,440,0.5
1464,440,6.66666666666667
440,441,3916.815
441,441,-7840.29666666667
442,441,3916.815
953,441,0.5
1465,441,6.66666666666667
441,442,3916.815
442,442,-7840.29666666667
443,442,3916.815
954,442,0.5
1466,442,6.66666666666667
442,443,3916.815
443,443,-7840.29666666667
444,443,3916.815
955,443,0.5
1467,443,6.66666666666667
443,444,3916.815
444,444,-7840.29666666667
445,444,3916.815
956,444,0.5
1468,444,6.66666666666667
444,445,3916.815
445,445,-7840.29666666667
446,445,3916.815
957,445,0.5
1469,445,6.66666666666667
445,446,3916.815
446,446,-7840.29666666667
447,446,3916.815
958,446,0.5
1470,446,6.66666666666667
446,447,3916.815
447,447,-7840.29666666667
448,447,3916.815
959,447,0.5
1471,447,6.66666666666667
447,448,3916.815
448,448,-7840.29666666667
449,448,3916.815
960,448,0.5
1472,448,6.66666666666667
448,449,3916.815
449,449,-7840.29666666667
450,449,3916.815
961,449,0.5
1473,449,6.66666666666667
449,450,3916.815
450,450,-7840.29666666667
451,450,3916.815
962,450,0.5
1474,450,6.66666666666667
450,451,3916.815
451,451,-7840.29666666667
452,451,3916.815
963,451,0.5
1475,451,6.66666666666667
451,452,3916.815
452,452,-7840.29666666667
453,452,3916.815
964,452,0.5
1476,452,6.66666666666667
452,453,3916.815
453,453,-7840.29666666667
454,453,3916.815
965,453,0.5
1477,453,6.66666666666667
453,454,3916.815
454,454,-7840.29666666667
455,454,3916.815
966,454,0.5
1478,454,6.66666666666667
454,455,3916.815
455,455,-7840.29666666667
456,455,3916.815
967,455,0.5
1479,455,6.66666666666667
455,456,3916.815
456,456,-7840.29666666667
457,456,3916.815
968,456,0.5
1480,456,6.66666666666667
456,457,3916.815
457,457,-7840.29666666667
458,457,3916.815
969,457,0.5
1481,457,6.66666666666667
457,458,3916.815
458,458,-7840.29666666667
459,458,3916.815
970,458,0.5
1482,458,6.66666666666667
458,459,3916.815
459,459,-7840.29666666667
460,459,3916.815
971,459,0.5
1483,459,6.66666666666667
459,460,3916.815
460,460,-7840.29666666667
461,460,3916.815
972,460,0.5
1484,460,6.66666666666667
460,461,3916.815
461,461,-7840.29666666667
462,461,3916.815
973,461,0.5
1485,461,6.66666666666667
461,462,3916.815
462,462,-7840.29666666667
463,462,3916.815
974,462,0.5
1486,462,6.66666666666667
462,463,3916.815
463,463,-7840.29666666667
464,463,3916.815
975,463,0.5
1487,463,6.66666666666667
463,464,3916.815
464,464,-7840.29666666667
465,464,3916.815
976,464,0.5
1488,464,6.66666666666667
464,465,3916.815
465,465,-7840.29666666667
466,465,3916.815
977,465,0.5
1489,465,6.66666666666667
465,466,3916.815
466,466,-7840.29666666667
467,466,3916.815
978,466,0.5
1490,466,6.66666666666667
466,467,3916.815
467,467,-7840.29666666667
468,467,3916.815
979,467,0.5
1491,467,6.66666666666667
467,468,3916.815
468,468,-7840.29666666667
469,468,3916.815
980,468,0.5
1492,468,6.66666666666667
468,469,3916.815
469,469,-7840.29666666667
470,469,3916.815
981,469,0.5
1493,469,6.66666666666667
469,470,3916.815
470,470,-7840.29666666667
471,470,3916.815
982,470,0.5
1494,470,6.66666666666667
470,471,3916.815
471,471,-7840.29666666667
472,471,3916.815
983,471,0.5
1495,471,6.66666666666667
471,472,3916.815
472,472,-7840.29666666667
473,472,3916.815
984,472,0.5
1496,472,6.66666666666667
472,473,3916.815
473,473,-7840.29666666667
474,473,3916.815
985,473,0.5
1497,473,6.66666666666667
473,474,3916.815
474,474,-7840.29666666667
475,474,3916.815
986,474,0.5
1498,474,6.66666666666667
474,475,3916.815
475,475,-7840.29666666667
476,475,3916.815
987,475,0.5
1499,475,6.66666666666667
475,476,3916.815
476,476,-7840.29666666667
477,476,3916.815
988,476,0.5
1500,476,6.66666666666667
476,477,3916.815
477,477,-7840.29666666667
478,477,3916.815
989,477,0.5
1501,477,6.66666666666667
477,478,3916.815
478,478,-7840.29666666667
479,478,3916.815
990,478,0.5
1502,478,6.66666666666667
478,479,3916.815
479,479,-7840.29666666667
480,479,3916.815
991,479,0.5
1503,479,6.66666666666667
479,480,3916.815
480,480,-7840.29666666667
481,480,3916.815
992,480,0.5
1504,480,6.66666666666667
480,481,3916.815
481,481,-7840.29666666667
482,481,3916.815
993,481,0.5
1505,481,6.66666666666667
481,482,3916.815
482,482,-7840.29666666667
483,482,3916.815
994,482,0.5
1506,482,6.66666666666667
482,483,3916.815
483,483,-7840.29666666667
484,483,3916.815
995,483,0.5
1507,483,6.66666666666667
483,484,3916.815
484,484,-7840.29666666667
485,484,3916.815
996,484,0.5
1508,484,6.66666666666667
484,485,3916.815
485,485,-7840.29666666667
486,485,3916.815
997,485,0.5
1509,485,6.66666666666667
485,486,3916.815
486,486,-7840.29666666667
487,486,3916.815
998,486,0.5
1510,486,6.66666666666667
486,487,3916.815
487,487,-7840.29666666667
488,487,3916.815
999,487,0.5
1511,487,6.66666666666667
487,488,3916.815
488,488,-7840.29666666667
489,488,3916.815
1000,488,0.5
1512,488,6.66666666666667
488,489,3916.815
489,489,-7840.29666666667
490,489,3916.815
1001,489,0.5
1513,489,6.66666666666667
489,490,3916.815
490,490,-7840.29666666667
491,490,3916.815
1002,490,0.5
1514,490,6.66666666666667
490,491,3916.815
491,491,-7840.29666666667
492,491,3916.815
1003,491,0.5
1515,491,6.66666666666667
491,492,3916.815
492,492,-7840.29666666667
493,492,3916.815
1004,492,0.5
1516,492,6.66666666666667
492,493,3916.815
493,493,-7840.29666666667
494,493,3916.815
1005,493,0.5
1517,493,6.66666666666667
493,494,3916.815
494,494,-7840.29666666667
495,494,3916.815
1006,494,0.5
1518,494,6.66666666666667
494,495,3916.815
495,495,-7840.29666666667
496,495,3916.815
1007,495,0.5
1519,495,6.66666666666667
495,496,3916.815
496,496,-7840.29666666667
497,496,3916.815
1008,496,0.5
1520,496,6.66666666666667
496,497,3916.815
497,497,-7840.29666666667
498,497,3916.815
1009,497,0.5
1521,497,6.66666666666667
497,498,3916.815
498,498,-7840.29666666667
499,498,3916.815
1010,498,0.5
1522,498,6.66666666666667
498,499,3916.815
499,499,-7840.29666666667
500,499,3916.815
1011,499,0.5
1523,499,6.66666666666667
499,500,3916.815
500,500,-7840.29666666667
501,500,3916.815
1012,500,0.5
1524,500,6.66666666666667
500,501,3916.815
501,501,-7840.29666666667
502,501,3916.815
1013,501,0.5
1525,501,6.66666666666667
501,502,3916.815
502,502,-7840.29666666667
503,502,3916.815
1014,502,0.5
1526,502,6.66666666666667
502,503,3916.815
503,503,-7840.29666666667
504,503,3916.815
1015,503,0.5
1527,503,6.66666666666667
503,504,3916.815
504,504,-7840.29666666667
505,504,3916.815
1016,504,0.5
1528,504,6.66666666666667
504,505,3916.815
505,505,-7840.29666666667
506,505,3916.815
1017,505,0.5
1529,505,6.66666666666667
505,506,3916.815
506,506,-7840.29666666667
507,506,3916.815
1018,506,0.5
1530,506,6.66666666666667
506,507,3916.815
507,507,-7840.29666666667
508,507,3916.815
1019,507,0.5
1531,507,6.66666666666667
507,508,3916.815
508,508,-7840.29666666667
509,508,3916.815
1020,508,0.5
1532,508,6.66666666666667
508,509,3916.815
509,509,-7840.29666666667
510,509,3916.815
1021,509,0.5
1533,509,6.66666666666667
509,510,3916.815
510,510,-7840.29666666667
511,510,3916.815
1022,510,0.5
1534,510,6.66666666666667
510,511,3916.815
511,511,-7840.29666666667
512,511,3916.815
1023,511,0.5
1535,511,6.66666666666667
511,512,3916.815
512,512,-3923.48166666667
1024,512,0.5
1536,512,6.66666666666667
1,513,-66.6666666666667
513,513,-2
2,514,-66.6666666666667
514,514,-2
3,515,-66.6666666666667
515,515,-2
4,516,-66.6666666666667
516,516,-2
5,517,-66.6666666666667
517,517,-2
6,518,-66.6666666666667
518,518,-2
7,519,-66.6666666666667
519,519,-2
8,520,-66.6666666666667
520,520,-2
9,521,-66.6666666666667
521,521,-2
10,522,-66.6666666666667
522,522,-2
11,523,-66.6666666666667
523,523,-2
12,524,-66.6666666666667
524,524,-2
13,525,-66.6666666666667
525,525,-2
14,526,-66.6666666666667
526,526,-2
15,527,-66.6666666666667
527,527,-2
16,528,-66.6666666666667
528,528,-2
17,529,-66.6666666666667
529,529,-2
18,530,-66.6666666666667
530,530,-2
19,531,-66.6666666666667
531,531,-2
20,532,-66.6666666666667
532,532,-2
21,533,-66.6666666666667
533,533,-2
22,534,-66.6666666666667
534,534,-2
23,535,-66.6666666666667
535,535,-2
24,536,-66.6666666666667
536,536,-2
25,537,-66.6666666666667
537,537,-2
26,538,-66.6666666666667
538,538,-2
27,539,-66.6666666666667
539,539,-2
28,540,-66.6666666666667
540,540,-2
29,541,-66.6666666666667
541,541,-2
30,542,-66.6666666666667
542,542,-2
31,543,-66.6666666666667
543,543,-2
32,544,-66.6666666666667
544,544,-2
33,545,-66.6666666666667
545,545,-2
34,546,-66.6666666666667
546,546,-2
35,547,-66.6666666666667
547,547,-2
36,548,-66.6666666666667
548,548,-2
37,549,-66.6666666666667
549,549,-2
38,550,-66.6666666666667
550,550,-2
39,551,-66.6666666666667
551,551,-2
40,552,-66.6666666666667
552,552,-2
41,553,-66.6666666666667
553,553,-2
42,554,-66.6666666666667
554,554,-2
43,555,-66.6666666666667
555,555,-2
44,556,-66.6666666666667
556,556,-2
45,557,-66.6666666666667
557,557,-2
46,558,-66.6666666666667
558,558,-2
47,559,-66.6666666666667
559,559,-2
48,560,-66.6666666666667
560,560,-2
49,561,-66.6666666666667
561,561,-2
50,562,-66.6666666666667
562,562,-2
51,563,-66.6666666666667
563,563,-2
52,564,-66.6666666666667
564,564,-2
53,565,-66.6666666666667
565,565,-2
54,566,-66.6666666666667
566,566,-2
55,567,-66.6666666666667
567,567,-2
56,568,-66.6666666666667
568,568,-2
57,569,-66.6666666666667
569,569,-2
58,570,-66.6666666666667
570,570,-2
59,571,-66.6666666666667
571,571,-2
60,572,-66.6666666666667
572,572,-2
61,573,-66.6666666666667
573,573,-2
62,574,-66.6666666666667
574,574,-2
63,575,-66.6666666666667
575,575,-2
64,576,-66.6666666666667
576,576,-2
65,577,-66.6666666666667
577,577,-2
66,578,-66.6666666666667
578,578,-2
67,579,-66.6666666666667
579,579,-2
68,580,-66.6666666666667
580,580,-2
69,581,-66.6666666666667
581,581,-2
70,582,-66.6666666666667
582,582,-2
71,583,-66.6666666666667
583,583,-2
72,584,-66.6666666666667
584,584,-2
73,585,-66.6666666666667
585,585,-2
74,586,-66.6666666666667
586,586,-2
75,587,-66.6666666666667
587,587,-2
76,588,-66.6666666666667
588,588,-2
77,589,-66.6666666666667
589,589,-2
78,590,-66.6666666666667
590,590,-2
79,591,-66.6666666666667
591,591,-2
80,592,-66.6666666666667
592,592,-2
81,593,-66.6666666666667
593,593,-2
82,594,-66.6666666666667
594,594,-2
83,595,-66.6666666666667
595,595,-2
84,596,-66.6666666666667
596,596,-2
85,597,-66.6666666666667
597,597,-2
86,598,-66.6666666666667
598,598,-2
87,599,-66.6666666666667
599,599,-2
88,600,-66.6666666666667
600,600,-2
89,601,-66.6666666666667
601,601,-2
90,602,-66.6666666666667
602,602,-2
91,603,-66.6666666666667
603,603,-2
92,604,-66.6666666666667
604,604,-2
93,605,-66.6666666666667
605,605,-2
94,606,-66.6666666666667
606,606,-2
95,607,-66.6666666666667
607,607,-2
96,608,-66.6666666666667
608,608,-2
97,609,-66.6666666666667
609,609,-2
98,610,-66.6666666666667
610,610,-2
99,611,-66.6666666666667
611,611,-2
100,612,-66.6666666666667
612,612,-2
101,613,-66.6666666666667
613,613,-2
102,614,-66.6666666666667
614,614,-2
103,615,-66.6666666666667
615,615,-2
104,616,-66.6666666666667
616,616,-2
105,617,-66.6666666666667
617,617,-2
106,618,-66.6666666666667
618,618,-2
107,619,-66.6666666666667
619,619,-2
108,620,-66.6666666666667
620,620,-2
109,621,-66.6666666666667
621,621,-2
110,622,-66.6666666666667
622,622,-2
111,623,-66.6666666666667
623,623,-2
112,624,-66.6666666666667
624,624,-2
113,625,-66.6666666666667
625,625,-2
114,626,-66.6666666666667
626,626,-2
115,627,-66.6666666666667
627,627,-2
116,628,-66.6666666666667
628,628,-2
117,629,-66.6666666666667
629,629,-2
118,630,-66.6666666666667
630,630,-2
119,631,-66.6666666666667
631,631,-2
120,632,-66.6666666666667
632,632,-2
121,633,-66.6666666666667
633,633,-2
122,634,-66.6666666666667
634,634,-2
123,635,-66.6666666666667
635,635,-2
124,636,-66.6666666666667
636,636,-2
125,637,-66.6666666666667
637,637,-2
126,638,-66.6666666666667
638,638,-2
127,639,-66.6666666666667
639,639,-2
128,640,-66.6666666666667
640,640,-2
129,641,-66.6666666666667
641,641,-2
130,642,-66.6666666666667
642,642,-2
131,643,-66.6666666666667
643,643,-2
132,644,-66.6666666666667
644,644,-2
133,645,-66.6666666666667
645,645,-2
134,646,-66.6666666666667
646,646,-2
135,647,-66.6666666666667
647,647,-2
136,648,-66.6666666666667
648,648,-2
137,649,-66.6666666666667
649,649,-2
138,650,-66.6666666666667
650,650,-2
139,651,-66.6666666666667
651,651,-2
140,652,-66.6666666666667
652,652,-2
141,653,-66.6666666666667
653,653,-2
142,654,-66.6666666666667
654,654,-2
143,655,-66.6666666666667
655,655,-2
144,656,-66.6666666666667
656,656,-2
145,657,-66.6666666666667
657,657,-2
146,658,-66.6666666666667
658,658,-2
147,659,-66.6666666666667
659,659,-2
148,660,-66.6666666666667
660,660,-2
149,661,-66.6666666666667
661,661,-2
150,662,-66.6666666666667
662,662,-2
151,663,-66.6666666666667
663,663,-2
152,664,-66.6666666666667
664,664,-2
153,665,-66.6666666666667
665,665,-2
154,666,-66.6666666666667
666,666,-2
155,667,-66.6666666666667
667,667,-2
156,668,-66.6666666666667
668,668,-2
157,669,-66.6666666666667
669,669,-2
158,670,-66.6666666666667
670,670,-2
159,671,-66.6666666666667
671,671,-2
160,672,-66.6666666666667
672,672,-2
161,673,-66.6666666666667
673,673,-2
162,674,-66.6666666666667
674,674,-2
163,675,-66.6666666666667
675,675,-2
164,676,-66.6666666666667
676,676,-2
165,677,-66.6666666666667
677,677,-2
166,678,-66.6666666666667
678,678,-2
167,679,-66.6666666666667
679,679,-2
168,680,-66.6666666666667
680,680,-2
169,681,-66.6666666666667
681,681,-2
170,682,-66.6666666666667
682,682,-2
171,683,-66.6666666666667
683,683,-2
172,684,-66.6666666666667
684,684,-2
173,685,-66.6666666666667
685,685,-2
174,686,-66.6666666666667
686,686,-2
175,687,-66.6666666666667
687,687,-2
176,688,-66.6666666666667
688,688,-2
177,689,-66.6666666666667
689,689,-2
178,690,-66.6666666666667
690,690,-2
179,691,-66.6666666666667
691,691,-2
180,692,-66.6666666666667
692,692,-2
181,693,-66.6666666666667
693,693,-2
182,694,-66.6666666666667
694,694,-2
183,695,-66.6666666666667
695,695,-2
184,696,-66.6666666666667
696,696,-2
185,697,-66.6666666666667
697,697,-2
186,698,-66.6666666666667
698,698,-2
187,699,-66.6666666666667
699,699,-2
188,700,-66.6666666666667
700,700,-2
189,701,-66.6666666666667
701,701,-2
190,702,-66.6666666666667
702,702,-2
191,703,-66.6666666666667
703,703,-2
192,704,-66.6666666666667
704,704,-2
193,705,-66.6666666666667
705,705,-2
194,706,-66.6666666666667
706,706,-2
195,707,-66.6666666666667
707,707,-2
196,708,-66.6666666666667
708,708,-2
197,709,-66.6666666666667
709,709,-2
198,710,-66.6666666666667
710,710,-2
199,711,-66.6666666666667
711,711,-2
200,712,-66.6666666666667
712,712,-2
201,713,-66.6666666666667
713,713,-2
202,714,-66.6666666666667
714,714,-2
203,715,-66.6666666666667
715,715,-2
204,716,-66.6666666666667
716,716,-2
205,717,-66.6666666666667
717,717,-2
206,718,-66.6666666666667
718,718,-2
207,719,-66.6666666666667
719,719,-2
208,720,-66.6666666666667
720,720,-2
209,721,-66.6666666666667
721,721,-2
210,722,-66.6666666666667
722,722,-2
211,723,-66.6666666666667
723,723,-2
212,724,-66.6666666666667
724,724,-2
213,725,-66.6666666666667
725,725,-2
214,726,-66.6666666666667
726,726,-2
215,727,-66.6666666666667
727,727,-2
216,728,-66.6666666666667
728,728,-2
217,729,-66.6666666666667
729,729,-2
218,730,-66.6666666666667
730,730,-2
219,731,-66.6666666666667
731,731,-2
220,732,-66.6666666666667
732,732,-2
221,733,-66.6666666666667
733,733,-2
222,734,-66.6666666666667
734,734,-2
223,735,-66.6666666666667
735,735,-2
224,736,-66.6666666666667
736,736,-2
225,737,-66.6666666666667
737,737,-2
226,738,-66.6666666666667
738,738,-2
227,739,-66.6666666666667
739,739,-2
228,740,-66.6666666666667
740,740,-2
229,741,-66.6666666666667
741,741,-2
230,742,-66.6666666666667
742,742,-2
231,743,-66.6666666666667
743,743,-2
232,744,-66.6666666666667
744,744,-2
233,745,-66.6666666666667
745,745,-2
234,746,-66.6666666666667
746,746,-2
235,747,-66.6666666666667
747,747,-2
236,748,-66.6666666666667
748,748,-2
237,749,-66.6666666666667
749,749,-2
238,750,-66.6666666666667
750,750,-2
239,751,-66.6666666666667
751,751,-2
240,752,-66.6666666666667
752,752,-2
241,753,-66.6666666666667
753,753,-2
242,754,-66.6666666666667
754,754,-2
243,755,-66.6666666666667
755,755,-2
244,756,-66.6666666666667
756,756,-2
245,757,-66.6666666666667
757,757,-2
246,758,-66.6666666666667
758,758,-2
247,759,-66.6666666666667
759,759,-2
248,760,-66.6666666666667
760,760,-2
249,761,-66.6666666666667
761,761,-2
250,762,-66.6666666666667
762,762,-2
251,763,-66.6666666666667
763,763,-2
252,764,-66.6666666666667
764,764,-2
253,765,-66.6666666666667
765,765,-2
254,766,-66.6666666666667
766,766,-2
255,767,-66.6666666666667
767,767,-2
256,768,-66.6666666666667
768,768,-2
257,769,-66.6666666666667
769,769,-2
258,770,-66.6666666666667
770,770,-2
259,771,-66.6666666666667
771,771,-2
260,772,-66.6666666666667
772,772,-2
261,773,-66.6666666666667
773,773,-2
262,774,-66.6666666666667
774,774,-2
263,775,-66.6666666666667
775,775,-2
264,776,-66.6666666666667
776,776,-2
265,777,-66.6666666666667
777,777,-2
266,778,-66.6666666666667
778,778,-2
267,779,-66.6666666666667
779,779,-2
268,780,-66.6666666666667
780,780,-2
269,781,-66.6666666666667
781,781,-2
270,782,-66.6666666666667
782,782,-2
271,783,-66.6666666666667
783,783,-2
272,784,-66.6666666666667
784,784,-2
273,785,-66.6666666666667
785,785,-2
274,786,-66.6666666666667
786,786,-2
275,787,-66.6666666666667
787,787,-2
276,788,-66.6666666666667
788,788,-2
277,789,-66.6666666666667
789,789,-2
278,790,-66.6666666666667
790,790,-2
279,791,-66.6666666666667
791,791,-2
280,792,-66.6666666666667
792,792,-2
281,793,-66.6666666666667
793,793,-2
282,794,-66.6666666666667
794,794,-2
283,795,-66.6666666666667
795,795,-2
284,796,-66.6666666666667
796,796,-2
285,797,-66.6666666666667
797,797,-2
286,798,-66.6666666666667
798,798,-2
287,799,-66.6666666666667
799,799,-2
288,800,-66.6666666666667
800,800,-2
289,801,-66.6666666666667
801,801,-2
290,802,-66.6666666666667
802,802,-2
291,803,-66.6666666666667
803,803,-2
292,804,-66.6666666666667
804,804,-2
293,805,-66.6666666666667
805,805,-2
294,806,-66.6666666666667
806,806,-2
295,807,-66.6666666666667
807,807,-2
296,808,-66.6666666666667
808,808,-2
297,809,-66.6666666666667
809,809,-2
298,810,-66.6666666666667
810,810,-2
299,811,-66.6666666666667
811,811,-2
300,812,-66.6666666666667
812,812,-2
301,813,-66.6666666666667
813,813,-2
302,814,-66.6666666666667
814,814,-2
303,815,-66.6666666666667
815,815,-2
304,816,-66.6666666666667
816,816,-2
305,817,-66.6666666666667
817,817,-2
306,818,-66.6666666666667
818,818,-2
307,819,-66.6666666666667
819,819,-2
308,820,-66.6666666666667
820,820,-2
309,821,-66.6666666666667
821,821,-2
310,822,-66.6666666666667
822,822,-2
311,823,-66.6666666666667
823,823,-2
312,824,-66.6666666666667
824,824,-2
313,825,-66.6666666666667
825,825,-2
314,826,-66.6666666666667
826,826,-2
315,827,-66.6666666666667
827,827,-2
316,828,-66.6666666666667
828,828,-2
317,829,-66.6666666666667
829,829,-2
318,830,-66.6666666666667
830,830,-2
319,831,-66.6666666666667
831,831,-2
320,832,-66.6666666666667
832,832,-2
321,833,-66.6666666666667
833,833,-2
322,834,-66.6666666666667
834,834,-2
323,835,-66.6666666666667
835,835,-2
324,836,-66.6666666666667
836,836,-2
325,837,-66.6666666666667
837,837,-2
326,838,-66.6666666666667
838,838,-2
327,839,-66.6666666666667
839,839,-2
328,840,-66.6666666666667
840,840,-2
329,841,-66.6666666666667
841,841,-2
330,842,-66.6666666666667
842,842,-2
331,843,-66.6666666666667
843,843,-2
332,844,-66.6666666666667
844,844,-2
333,845,-66.6666666666667
845,845,-2
334,846,-66.6666666666667
846,846,-2
335,847,-66.6666666666667
847,847,-2
336,848,-66.6666666666667
848,848,-2
337,849,-66.6666666666667
849,849,-2
338,850,-66.6666666666667
850,850,-2
339,851,-66.6666666666667
851,851,-2
340,852,-66.6666666666667
852,852,-2
341,853,-66.6666666666667
853,853,-2
342,854,-66.6666666666667
854,854,-2
343,855,-66.6666666666667
855,855,-2
344,856,-66.6666666666667
856,856,-2
345,857,-66.6666666666667
857,857,-2
346,858,-66.6666666666667
858,858,-2
347,859,-66.6666666666667
859,859,-2
348,860,-66.6666666666667
860,860,-2
349,861,-66.6666666666667
861,861,-2
350,862,-66.6666666666667
862,862,-2
351,863,-66.6666666666667
863,863,-2
352,864,-66.6666666666667
864,864,-2
353,865,-66.6666666666667
865,865,-2
354,866,-66.6666666666667
866,866,-2
355,867,-66.6666666666667
867,867,-2
356,868,-66.6666666666667
868,868,-2
357,869,-66.6666666666667
869,869,-2
358,870,-66.6666666666667
870,870,-2
359,871,-66.6666666666667
871,871,-2
360,872,-66.6666666666667
872,872,-2
361,873,-66.6666666666667
873,873,-2
362,874,-66.6666666666667
874,874,-2
363,875,-66.6666666666667
875,875,-2
364,876,-66.6666666666667
876,876,-2
365,877,-66.6666666666667
877,877,-2
366,878,-66.6666666666667
878,878,-2
367,879,-66.6666666666667
879,879,-2
368,880,-66.6666666666667
880,880,-2
369,881,-66.6666666666667
881,881,-2
370,882,-66.6666666666667
882,882,-2
371,883,-66.6666666666667
883,883,-2
372,884,-66.6666666666667
884,884,-2
373,885,-66.6666666666667
885,885,-2
374,886,-66.6666666666667
886,886,-2
375,887,-66.6666666666667
887,887,-2
376,888,-66.6666666666667
888,888,-2
377,889,-66.6666666666667
889,889,-2
378,890,-66.6666666666667
890,890,-2
379,891,-66.6666666666667
891,891,-2
380,892,-66.6666666666667
892,892,-2
381,893,-66.6666666666667
893,893,-2
382,894,-66.6666666666667
894,894,-2
383,895,-66.6666666666667
895,895,-2
384,896,-66.6666666666667
896,896,-2
385,897,-66.6666666666667
897,897,-2
386,898,-66.6666666666667
898,898,-2
387,899,-66.6666666666667
899,899,-2
388,900,-66.6666666666667
900,900,-2
389,901,-66.6666666666667
901,901,-2
390,902,-66.6666666666667
902,902,-2
391,903,-66.6666666666667
903,903,-2
392,904,-66.6666666666667
904,904,-2
393,905,-66.6666666666667
905,905,-2
394,906,-66.6666666666667
906,906,-2
395,907,-66.6666666666667
907,907,-2
396,908,-66.6666666666667
908,908,-2
397,909,-66.6666666666667
909,909,-2
398,910,-66.6666666666667
910,910,-2
399,911,-66.6666666666667
911,911,-2
400,912,-66.6666666666667
912,912,-2
401,913,-66.6666666666667
913,913,-2
402,914,-66.6666666666667
914,914,-2
403,915,-66.6666666666667
915,915,-2
404,916,-66.6666666666667
916,916,-2
405,917,-66.6666666666667
917,917,-2
406,918,-66.6666666666667
918,918,-2
407,919,-66.6666666666667
919,919,-2
408,920,-66.6666666666667
920,920,-2
409,921,-66.6666666666667
921,921,-2
410,922,-66.6666666666667
922,922,-2
411,923,-66.6666666666667
923,923,-2
412,924,-66.6666666666667
924,924,-2
413,925,-66.6666666666667
925,925,-2
414,926,-66.6666666666667
926,926,-2
415,927,-66.6666666666667
927,927,-2
416,928,-66.6666666666667
928,928,-2
417,929,-66.6666666666667
929,929,-2
418,930,-66.6666666666667
930,930,-2
419,931,-66.6666666666667
931,931,-2
420,932,-66.6666666666667
932,932,-2
421,933,-66.6666666666667
933,933,-2
422,934,-66.6666666666667
934,934,-2
423,935,-66.6666666666667
935,935,-2
424,936,-66.6666666666667
936,936,-2
425,937,-66.6666666666667
937,937,-2
426,938,-66.6666666666667
938,938,-2
427,939,-66.6666666666667
939,939,-2
428,940,-66.6666666666667
940,940,-2
429,941,-66.6666666666667
941,941,-2
430,942,-66.6666666666667
942,942,-2
431,943,-66.6666666666667
943,943,-2
432,944,-66.6666666666667
944,944,-2
433,945,-66.6666666666667
945,945,-2
434,946,-66.6666666666667
946,946,-2
435,947,-66.6666666666667
947,947,-2
436,948,-66.6666666666667
948,948,-2
437,949,-66.6666666666667
949,949,-2
438,950,-66.6666666666667
950,950,-2
439,951,-66.6666666666667
951,951,-2
440,952,-66.6666666666667
952,952,-2
441,953,-66.6666666666667
953,953,-2
442,954,-66.6666666666667
954,954,-2
443,955,-66.6666666666667
955,955,-2
444,956,-66.6666666666667
956,956,-2
445,957,-66.6666666666667
957,957,-2
446,958,-66.6666666666667
958,958,-2
447,959,-66.6666666666667
959,959,-2
448,960,-66.6666666666667
960,960,-2
449,961,-66.6666666666667
961,961,-2
450,962,-66.6666666666667
962,962,-2
451,963,-66.6666666666667
963,963,-2
452,964,-66.6666666666667
964,964,-2
453,965,-66.6666666666667
965,965,-2
454,966,-66.6666666666667
966,966,-2
455,967,-66.6666666666667
967,967,-2
456,968,-66.6666666666667
968,968,-2
457,969,-66.6666666666667
969,969,-2
458,970,-66.6666666666667
970,970,-2
459,971,-66.6666666666667
971,971,-2
460,972,-66.6666666666667
972,972,-2
461,973,-66.6666666666667
973,973,-2
462,974,-66.6666666666667
974,974,-2
463,975,-66.6666666666667
975,975,-2
464,976,-66.6666666666667
976,976,-2
465,977,-66.6666666666667
977,977,-2
466,978,-66.6666666666667
978,978,-2
467,979,-66.6666666666667
979,979,-2
468,980,-66.6666666666667
980,980,-2
469,981,-66.6666666666667
981,981,-2
470,982,-66.6666666666667
982,982,-2
471,983,-66.6666666666667
983,983,-2
472,984,-66.6666666666667
984,984,-2
473,985,-66.6666666666667
985,985,-2
474,986,-66.6666666666667
986,986,-2
475,987,-66.6666666666667
987,987,-2
476,988,-66.6666666666667
988,988,-2
477,989,-66.6666666666667
989,989,-2
478,990,-66.6666666666667
990,990,-2
479,991,-66.6666666666667
991,991,-2
480,992,-66.6666666666667
992,992,-2
481,993,-66.6666666666667
993,993,-2
482,994,-66.6666666666667
994,994,-2
483,995,-66.6666666666667
995,995,-2
484,996,-66.6666666666667
996,996,-2
485,997,-66.6666666666667
997,997,-2
486,998,-66.6666666666667
998,998,-2
487,999,-66.6666666666667
999,999,-2
488,1000,-66.6666666666667
1000,1000,-2
489,1001,-66.6666666666667
1001,1001,-2
490,1002,-66.6666666666667
1002,1002,-2
491,1003,-66.6666666666667
1003,1003,-2
492,1004,-66.6666666666667
1004,1004,-2
493,1005,-66.6666666666667
1005,1005,-2
494,1006,-66.6666666666667
1006,1006,-2
495,1007,-66.6666666666667
1007,1007,-2
496,1008,-66.6666666666667
1008,1008,-2
497,1009,-66.6666666666667
1009,1009,-2
498,1010,-66.6666666666667
1010,1010,-2
499,1011,-66.6666666666667
1011,1011,-2
500,1012,-66.6666666666667
1012,1012,-2
501,1013,-66.6666666666667
1013,1013,-2
502,1014,-66.6666666666667
1014,1014,-2
503,1015,-66.6666666666667
1015,1015,-2
504,1016,-66.6666666666667
1016,1016,-2
505,1017,-66.6666666666667
1017,1017,-2
506,1018,-66.6666666666667
1018,1018,-2
507,1019,-66.6666666666667
1019,1019,-2
508,1020,-66.6666666666667
1020,1020,-2
509,1021,-66.6666666666667
1021,1021,-2
510,1022,-66.6666666666667
1022,1022,-2
511,1023,-66.6666666666667
1023,1023,-2
512,1024,-66.6666666666667
1024,1024,-2
1025,1025,-7846.96333333333
1026,1026,-15680.5933333333
1027,1027,-15680.5933333333
1028,1028,-15680.5933333333
1029,1029,-15680.5933333333
1030,1030,-15680.5933333333
1031,1031,-15680.5933333333
1032,1032,-15680.5933333333
1033,1033,-15680.5933333333
1034,1034,-15680.5933333333
1035,1035,-15680.5933333333
1036,1036,-15680.5933333333
1037,1037,-15680.5933333333
1038,1038,-15680.5933333333
1039,1039,-15680.5933333333
1040,1040,-15680.5933333333
1041,1041,-15680.5933333333
1042,1042,-15680.5933333333
1043,1043,-15680.5933333333
1044,1044,-15680.5933333333
1045,1045,-15680.5933333333
1046,1046,-15680.5933333333
1047,1047,-15680.5933333333
1048,1048,-15680.5933333333
1049,1049,-15680.5933333333
1050,1050,-15680.5933333333
1051,1051,-15680.5933333333
1052,1052,-15680.5933333333
1053,1053,-15680.5933333333
1054,1054,-15680.5933333333
1055,1055,-15680.5933333333
1056,1056,-15680.5933333333
1057,1057,-15680.5933333333
1058,1058,-15680.5933333333
1059,1059,-15680.5933333333
1060,1060,-15680.5933333333
1061,1061,-15680.5933333333
1062,1062,-15680.5933333333
1063,1063,-15680.5933333333
1064,1064,-15680.5933333333
1065,1065,-15680.5933333333
1066,1066,-15680.5933333333
1067,1067,-15680.5933333333
1068,1068,-15680.5933333333
1069,1069,-15680.5933333333
1070,1070,-15680.5933333333
1071,1071,-15680.5933333333
1072,1072,-15680.5933333333
1073,1073,-15680.5933333333
1074,1074,-15680.5933333333
1075,1075,-15680.5933333333
1076,1076,-15680.5933333333
1077,1077,-15680.5933333333
1078,1078,-15680.5933333333
1079,1079,-15680.5933333333
1080,1080,-15680.5933333333
1081,1081,-15680.5933333333
1082,1082,-15680.5933333333
1083,1083,-15680.5933333333
1084,1084,-15680.5933333333
1085,1085,-15680.5933333333
1086,1086,-15680.5933333333
1087,1087,-15680.5933333333
1088,1088,-15680.5933333333
1089,1089,-15680.5933333333
1090,1090,-15680.5933333333
1091,1091,-15680.5933333333
1092,1092,-15680.5933333333
1093,1093,-15680.5933333333
1094,1094,-15680.5933333333
1095,1095,-15680.5933333333
1096,1096,-15680.5933333333
1097,1097,-15680.5933333333
1098,1098,-15680.5933333333
1099,1099,-15680.5933333333
1100,1100,-15680.5933333333
1101,1101,-15680.5933333333
1102,1102,-15680.5933333333
1103,1103,-15680.5933333333
1104,1104,-15680.5933333333
1105,1105,-15680.5933333333
1106,1106,-15680.5933333333
1107,1107,-15680.5933333333
1108,1108,-15680.5933333333
1109,1109,-15680.5933333333
1110,1110,-15680.5933333333
1111,1111,-15680.5933333333
1112,1112,-15680.5933333333
1113,1113,-15680.5933333333
1114,1114,-15680.5933333333
1115,1115,-15680.5933333333
1116,1116,-15680.5933333333
1117,1117,-15680.5933333333
1118,1118,-15680.5933333333
1119,1119,-15680.5933333333
1120,1120,-15680.5933333333
1121,1121,-15680.5933333333
1122,1122,-15680.5933333333
1123,1123,-15680.5933333333
1124,1124,-15680.5933333333
1125,1125,-15680.5933333333
1126,1126,-15680.5933333333
1127,1127,-15680.5933333333
1128,1128,-15680.5933333333
1129,1129,-15680.5933333333
1130,1130,-15680.5933333333
1131,1131,-15680.5933333333
1132,1132,-15680.5933333333
1133,1133,-15680.5933333333
1134,1134,-15680.5933333333
1135,1135,-15680.5933333333
1136,1136,-15680.5933333333
1137,1137,-15680.5933333333
1138,1138,-15680.5933333333
1139,1139,-15680.5933333333
1140,1140,-15680.5933333333
1141,1141,-15680.5933333333
1142,1142,-15680.5933333333
1143,1143,-15680.5933333333
1144,1144,-15680.5933333333
1145,1145,-15680.5933333333
1146,1146,-15680.5933333333
1147,1147,-15680.5933333333
1148,1148,-15680.5933333333
1149,1149,-15680.5933333333
1150,1150,-15680.5933333333
1151,1151,-15680.5933333333
1152,1152,-15680.5933333333
1153,1153,-15680.5933333333
1154,1154,-15680.5933333333
1155,1155,-15680.5933333333
1156,1156,-15680.5933333333
1157,1157,-15680.5933333333
1158,1158,-15680.5933333333
1159,1159,-15680.5933333333
1160,1160,-15680.5933333333
1161,1161,-15680.5933333333
1162,1162,-15680.5933333333
1163,1163,-15680.5933333333
1164,1164,-15680.5933333333
1165,1165,-15680.5933333333
1166,1166,-15680.5933333333
1167,1167,-15680.5933333333
1168,1168,-15680.5933333333
1169,1169,-15680.5933333333
1170,1170,-15680.5933333333
1171,1171,-15680.5933333333
1172,1172,-15680.5933333333
1173,1173,-15680.5933333333
1174,1174,-15680.5933333333
1175,1175,-15680.5933333333
1176,1176,-15680.5933333333
1177,1177,-15680.5933333333
1178,1178,-15680.5933333333
1179,1179,-15680.5933333333
1180,1180,-15680.5933333333
1181,1181,-15680.5933333333
1182,1182,-15680.5933333333
1183,1183,-15680.5933333333
1184,1184,-15680.5933333333
1185,1185,-15680.5933333333
1186,1186,-15680.5933333333
1187,1187,-15680.5933333333
1188,1188,-15680.5933333333
1189,1189,-15680.5933333333
1190,1190,-15680.5933333333
1191,1191,-15680.5933333333
1192,1192,-15680.5933333333
1193,1193,-15680.5933333333
1194,1194,-15680.5933333333
1195,1195,-15680.5933333333
1196,1196,-15680.5933333333
1197,1197,-15680.5933333333
1198,1198,-15680.5933333333
1199,1199,-15680.5933333333
1200,1200,-15680.5933333333
1201,1201,-15680.5933333333
1202,1202,-15680.5933333333
1203,1203,-15680.5933333333
1204,1204,-15680.5933333333
1205,1205,-15680.5933333333
1206,1206,-15680.5933333333
1207,1207,-15680.5933333333
1208,1208,-15680.5933333333
1209,1209,-15680.5933333333
1210,1210,-15680.5933333333
1211,1211,-15680.5933333333
1212,1212,-15680.5933333333
1213,1213,-15680.5933333333
1214,1214,-15680.5933333333
1215,1215,-15680.5933333333
1216,1216,-15680.5933333333
1217,1217,-15680.5933333333
1218,1218,-15680.5933333333
1219,1219,-15680.5933333333
1220,1220,-15680.5933333333
1221,1221,-15680.5933333333
1222,1222,-15680.5933333333
1223,1223,-15680.5933333333
1224,1224,-15680.5933333333
1225,1225,-15680.5933333333
1226,1226,-15680.5933333333
1227,1227,-15680.5933333333
1228,1228,-15680.5933333333
1229,1229,-15680.5933333333
1230,1230,-15680.5933333333
1231,1231,-15680.5933333333
1232,1232,-15680.5933333333
1233,1233,-15680.5933333333
1234,1234,-15680.5933333333
1235,1235,-15680.5933333333
1236,1236,-15680.5933333333
1237,1237,-15680.5933333333
1238,1238,-15680.5933333333
1239,1239,-15680.5933333333
1240,1240,-15680.5933333333
1241,1241,-15680.5933333333
1242,1242,-15680.5933333333
1243,1243,-15680.5933333333
1244,1244,-15680.5933333333
1245,1245,-15680.5933333333
1246,1246,-15680.5933333333
1247,1247,-15680.5933333333
1248,1248,-15680.5933333333
1249,1249,-15680.5933333333
1250,1250,-15680.5933333333
1251,1251,-15680.5933333333
1252,1252,-15680.5933333333
1253,1253,-15680.5933333333
1254,1254,-15680.5933333333
1255,1255,-15680.5933333333
1256,1256,-15680.5933333333
1257,1257,-15680.5933333333
1258,1258,-15680.5933333333
1259,1259,-15680.5933333333
1260,1260,-15680.5933333333
1261,1261,-15680.5933333333
1262,1262,-15680.5933333333
1263,1263,-15680.5933333333
1264,1264,-15680.5933333333
1265,1265,-15680.5933333333
1266,1266,-15680.5933333333
1267,1267,-15680.5933333333
1268,1268,-15680.5933333333
1269,1269,-15680.5933333333
1270,1270,-15680.5933333333
1271,1271,-15680.5933333333
1272,1272,-15680.5933333333
1273,1273,-15680.5933333333
1274,1274,-15680.5933333333
1275,1275,-15680.5933333333
1276,1276,-15680.5933333333
1277,1277,-15680.5933333333
1278,1278,-15680.5933333333
1279,1279,-15680.5933333333
1280,1280,-15680.5933333333
1281,1281,-15680.5933333333
1282,1282,-15680.5933333333
1283,1283,-15680.5933333333
1284,1284,-15680.5933333333
1285,1285,-15680.5933333333
1286,1286,-15680.5933333333
1287,1287,-15680.5933333333
1288,1288,-15680.5933333333
1289,1289,-15680.5933333333
1290,1290,-15680.5933333333
1291,1291,-15680.5933333333
1292,1292,-15680.5933333333
1293,1293,-15680.5933333333
1294,1294,-15680.5933333333
1295,1295,-15680.5933333333
1296,1296,-15680.5933333333
1297,1297,-15680.5933333333
1298,1298,-15680.5933333333
1299,1299,-15680.5933333333
1300,1300,-15680.5933333333
1301,1301,-15680.5933333333
1302,1302,-15680.5933333333
1303,1303,-15680.5933333333
1304,1304,-15680.5933333333
1305,1305,-15680.5933333333
1306,1306,-15680.5933333333
1307,1307,-15680.5933333333
1308,1308,-15680.5933333333
1309,1309,-15680.5933333333
1310,1310,-15680.5933333333
1311,1311,-15680.5933333333
1312,1312,-15680.5933333333
1313,1313,-15680.5933333333
1314,1314,-15680.5933333333
1315,1315,-15680.5933333333
1316,1316,-15680.5933333333
1317,1317,-15680.5933333333
1318,1318,-15680.5933333333
1319,1319,-15680.5933333333
1320,1320,-15680.5933333333
1321,1321,-15680.5933333333
1322,1322,-15680.5933333333
1323,1323,-15680.5933333333
1324,1324,-15680.5933333333
1325,1325,-15680.5933333333
1326,1326,-15680.5933333333
1327,1327,-15680.5933333333
1328,1328,-15680.5933333333
1329,1329,-15680.5933333333
1330,1330,-15680.5933333333
1331,1331,-15680.5933333333
1332,1332,-15680.5933333333
1333,1333,-15680.5933333333
1334,1334,-15680.5933333333
1335,1335,-15680.5933333333
1336,1336,-15680.5933333333
1337,1337,-15680.5933333333
1338,1338,-15680.5933333333
1339,1339,-15680.5933333333
1340,1340,-15680.5933333333
1341,1341,-15680.5933333333
1342,1342,-15680.5933333333
1343,1343,-15680.5933333333
1344,1344,-15680.5933333333
1345,1345,-15680.5933333333
1346,1346,-15680.5933333333
1347,1347,-15680.5933333333
1348,1348,-15680.5933333333
1349,1349,-15680.5933333333
1350,1350,-15680.5933333333
1351,1351,-15680.5933333333
1352,1352,-15680.5933333333
1353,1353,-15680.5933333333
1354,1354,-15680.5933333333
1355,1355,-15680.5933333333
1356,1356,-15680.5933333333
1357,1357,-15680.5933333333
1358,1358,-15680.5933333333
1359,1359,-15680.5933333333
1360,1360,-15680.5933333333
1361,1361,-15680.5933333333
1362,1362,-15680.5933333333
1363,1363,-15680.5933333333
1364,1364,-15680.5933333333
1365,1365,-15680.5933333333
1366,1366,-15680.5933333333
1367,1367,-15680.5933333333
1368,1368,-15680.5933333333
1369,1369,-15680.5933333333
1370,1370,-15680.5933333333
1371,1371,-15680.5933333333
1372,1372,-15680.5933333333
1373,1373,-15680.5933333333
1374,1374,-15680.5933333333
1375,1375,-15680.5933333333
1376,1376,-15680.5933333333
1377,1377,-15680.5933333333
1378,1378,-15680.5933333333
1379,1379,-15680.5933333333
1380,1380,-15680.5933333333
1381,1381,-15680.5933333333
1382,1382,-15680.5933333333
1383,1383,-15680.5933333333
1384,1384,-15680.5933333333
1385,1385,-15680.5933333333
1386,1386,-15680.5933333333
1387,1387,-15680.5933333333
1388,1388,-15680.5933333333
1389,1389,-15680.5933333333
1390,1390,-15680.5933333333
1391,1391,-15680.5933333333
1392,1392,-15680.5933333333
1393,1393,-15680.5933333333
1394,1394,-15680.5933333333
1395,1395,-15680.5933333333
1396,1396,-15680.5933333333
1397,1397,-15680.5933333333
1398,1398,-15680.5933333333
1399,1399,-15680.5933333333
1400,1400,-15680.5933333333
1401,1401,-15680.5933333333
1402,1402,-15680.5933333333
1403,1403,-15680.5933333333
1404,1404,-15680.5933333333
1405,1405,-15680.5933333333
1406,1406,-15680.5933333333
1407,1407,-15680.5933333333
1408,1408,-15680.5933333333
1409,1409,-15680.5933333333
1410,1410,-15680.5933333333
1411,1411,-15680.5933333333
1412,1412,-15680.5933333333
1413,1413,-15680.5933333333
1414,1414,-15680.5933333333
1415,1415,-15680.5933333333
1416,1416,-15680.5933333333
1417,1417,-15680.5933333333
1418,1418,-15680.5933333333
1419,1419,-15680.5933333333
1420,1420,-15680.5933333333
1421,1421,-15680.5933333333
1422,1422,-15680.5933333333
1423,1423,-15680.5933333333
1424,1424,-15680.5933333333
1425,1425,-15680.5933333333
1426,1426,-15680.5933333333
1427,1427,-15680.5933333333
1428,1428,-15680.5933333333
1429,1429,-15680.5933333333
1430,1430,-15680.5933333333
1431,1431,-15680.5933333333
1432,1432,-15680.5933333333
1433,1433,-15680.5933333333
1434,1434,-15680.5933333333
1435,1435,-15680.5933333333
1436,1436,-15680.5933333333
1437,1437,-15680.5933333333
1438,1438,-15680.5933333333
1439,1439,-15680.5933333333
1440,1440,-15680.5933333333
1441,1441,-15680.5933333333
1442,1442,-15680.5933333333
1443,1443,-15680.5933333333
1444,1444,-15680.5933333333
1445,1445,-15680.5933333333
1446,1446,-15680.5933333333
1447,1447,-15680.5933333333
1448,1448,-15680.5933333333
1449,1449,-15680.5933333333
1450,1450,-15680.5933333333
1451,1451,-15680.5933333333
1452,1452,-15680.5933333333
1453,1453,-15680.5933333333
1454,1454,-15680.5933333333
1455,1455,-15680.5933333333
1456,1456,-15680.5933333333
1457,1457,-15680.5933333333
1458,1458,-15680.5933333333
1459,1459,-15680.5933333333
1460,1460,-15680.5933333333
1461,1461,-15680.5933333333
1462,1462,-15680.5933333333
1463,1463,-15680.5933333333
1464,1464,-15680.5933333333
1465,1465,-15680.5933333333
1466,1466,-15680.5933333333
1467,1467,-15680.5933333333
1468,1468,-15680.5933333333
1469,1469,-15680.5933333333
1470,1470,-15680.5933333333
1471,1471,-15680.5933333333
1472,1472,-15680.5933333333
1473,1473,-15680.5933333333
1474,1474,-15680.5933333333
1475,1475,-15680.5933333333
1476,1476,-15680.5933333333
1477,1477,-15680.5933333333
1478,1478,-15680.5933333333
1479,1479,-15680.5933333333
1480,1480,-15680.5933333333
1481,1481,-15680.5933333333
1482,1482,-15680.5933333333
1483,1483,-15680.5933333333
1484,1484,-15680.5933333333
1485,1485,-15680.5933333333
1486,1486,-15680.5933333333
1487,1487,-15680.5933333333
1488,1488,-15680.5933333333
1489,1489,-15680.5933333333
1490,1490,-15680.5933333333
1491,1491,-15680.5933333333
1492,1492,-15680.5933333333
1493,1493,-15680.5933333333
1494,1494,-15680.5933333333
1495,1495,-15680.5933333333
1496,1496,-15680.5933333333
1497,1497,-15680.5933333333
1498,1498,-15680.5933333333
1499,1499,-15680.5933333333
1500,1500,-15680.5933333333
1501,1501,-15680.5933333333
1502,1502,-15680.5933333333
1503,1503,-15680.5933333333
1504,1504,-15680.5933333333
1505,1505,-15680.5933333333
1506,1506,-15680.5933333333
1507,1507,-15680.5933333333
1508,1508,-15680.5933333333
1509,1509,-15680.5933333333
1510,1510,-15680.5933333333
1511,1511,-15680.5933333333
1512,1512,-15680.5933333333
1513,1513,-15680.5933333333
1514,1514,-15680.5933333333
1515,1515,-15680.5933333333
1516,1516,-15680.5933333333
1517,1517,-15680.5933333333
1518,1518,-15680.5933333333
1519,1519,-15680.5933333333
1520,1520,-15680.5933333333
1521,1521,-15680.5933333333
1522,1522,-15680.5933333333
1523,1523,-15680.5933333333
1524,1524,-15680.5933333333
1525,1525,-15680.5933333333
1526,1526,-15680.5933333333
1527,1527,-15680.5933333333
1528,1528,-15680.5933333333
1529,1529,-15680.5933333333
1530,1530,-15680.5933333333
1531,1531,-15680.5933333333
1532,1532,-15680.5933333333
1533,1533,-15680.5933333333
1534,1534,-15680.5933333333
1535,1535,-15680.5933333333
1536,1536,-7846.96333333333
